split,value,class_id,class_name,source_image,source_label,crop_path,source_width,source_height,crop_width,crop_height
test,30,46,speed-limit-30,test/images/00001_00023_00019_png_jpg.rf.14197a02f3c040a2b6453b374c1740ca.jpg,test/labels/00001_00023_00019_png_jpg.rf.14197a02f3c040a2b6453b374c1740ca.txt,crops/test/30/00001_00023_00019_png_jpg.rf.14197a02f3c040a2b6453b374c1740ca__box0.jpg,640,608,524,524
test,30,46,speed-limit-30,test/images/00001_00024_00013_png_jpg.rf.e06810d9b979e726296728757ef723b5.jpg,test/labels/00001_00024_00013_png_jpg.rf.e06810d9b979e726296728757ef723b5.txt,crops/test/30/00001_00024_00013_png_jpg.rf.e06810d9b979e726296728757ef723b5__box0.jpg,640,594,511,511
test,50,49,speed-limit-50,test/images/00002_00005_00004_png_jpg.rf.0400802311b070862c08e8d7039e9099.jpg,test/labels/00002_00005_00004_png_jpg.rf.0400802311b070862c08e8d7039e9099.txt,crops/test/50/00002_00005_00004_png_jpg.rf.0400802311b070862c08e8d7039e9099__box0.jpg,620,640,497,497
test,60,50,speed-limit-60,test/images/00003_00004_00027_png_jpg.rf.0e31c43240d6683bb9ae266f65505a2c.jpg,test/labels/00003_00004_00027_png_jpg.rf.0e31c43240d6683bb9ae266f65505a2c.txt,crops/test/60/00003_00004_00027_png_jpg.rf.0e31c43240d6683bb9ae266f65505a2c__box0.jpg,619,640,617,617
test,60,50,speed-limit-60,test/images/00003_00031_00016_png_jpg.rf.ed12e57cb9b51d5736360307a8520176.jpg,test/labels/00003_00031_00016_png_jpg.rf.ed12e57cb9b51d5736360307a8520176.txt,crops/test/60/00003_00031_00016_png_jpg.rf.ed12e57cb9b51d5736360307a8520176__box0.jpg,608,640,612,612
test,60,50,speed-limit-60,test/images/00003_00044_00029_png_jpg.rf.92d7da7557f5226494331a0585a2fc5c.jpg,test/labels/00003_00044_00029_png_jpg.rf.92d7da7557f5226494331a0585a2fc5c.txt,crops/test/60/00003_00044_00029_png_jpg.rf.92d7da7557f5226494331a0585a2fc5c__box0.jpg,640,613,628,628
test,5,48,speed-limit-5,test/images/000_0001_j_png.rf.548c7966d15ce625b423c8f590475c94.jpg,test/labels/000_0001_j_png.rf.548c7966d15ce625b423c8f590475c94.txt,crops/test/5/000_0001_j_png.rf.548c7966d15ce625b423c8f590475c94__box0.jpg,640,601,386,386
test,5,48,speed-limit-5,test/images/000_0005_j_png.rf.b39b06a783f60a2600421d050875c3ab.jpg,test/labels/000_0005_j_png.rf.b39b06a783f60a2600421d050875c3ab.txt,crops/test/5/000_0005_j_png.rf.b39b06a783f60a2600421d050875c3ab__box0.jpg,640,593,532,532
test,5,48,speed-limit-5,test/images/000_0012_png.rf.4ba6d12d1f095c8046299de73e90072d.jpg,test/labels/000_0012_png.rf.4ba6d12d1f095c8046299de73e90072d.txt,crops/test/5/000_0012_png.rf.4ba6d12d1f095c8046299de73e90072d__box0.jpg,640,564,592,592
test,5,48,speed-limit-5,test/images/000_0015_png.rf.e16510f88c026e3e5b61d8db0b938fa2.jpg,test/labels/000_0015_png.rf.e16510f88c026e3e5b61d8db0b938fa2.txt,crops/test/5/000_0015_png.rf.e16510f88c026e3e5b61d8db0b938fa2__box0.jpg,640,562,528,528
test,5,48,speed-limit-5,test/images/000_0035_png.rf.48c426cfe0b2ec1164098dd35776040e.jpg,test/labels/000_0035_png.rf.48c426cfe0b2ec1164098dd35776040e.txt,crops/test/5/000_0035_png.rf.48c426cfe0b2ec1164098dd35776040e__box0.jpg,640,564,426,426
test,5,48,speed-limit-5,test/images/000_0039_png.rf.84690894bf7c0cca16fd3034a4a04980.jpg,test/labels/000_0039_png.rf.84690894bf7c0cca16fd3034a4a04980.txt,crops/test/5/000_0039_png.rf.84690894bf7c0cca16fd3034a4a04980__box0.jpg,640,550,370,370
test,5,48,speed-limit-5,test/images/000_0050_png.rf.c75a0f4f72c6beee8ff04ad9615c5038.jpg,test/labels/000_0050_png.rf.c75a0f4f72c6beee8ff04ad9615c5038.txt,crops/test/5/000_0050_png.rf.c75a0f4f72c6beee8ff04ad9615c5038__box0.jpg,640,564,481,481
test,5,48,speed-limit-5,test/images/000_0057_png.rf.0007976fb733ee44793c299ba67931c9.jpg,test/labels/000_0057_png.rf.0007976fb733ee44793c299ba67931c9.txt,crops/test/5/000_0057_png.rf.0007976fb733ee44793c299ba67931c9__box0.jpg,640,640,423,423
test,15,45,speed-limit-15,test/images/001_0018_png.rf.740cc7e721a77836c09e5d94c082f254.jpg,test/labels/001_0018_png.rf.740cc7e721a77836c09e5d94c082f254.txt,crops/test/15/001_0018_png.rf.740cc7e721a77836c09e5d94c082f254__box0.jpg,634,640,524,524
test,40,47,speed-limit-40,test/images/003_0017_j_png.rf.4dcff3162a35d03343a616f3f33021f0.jpg,test/labels/003_0017_j_png.rf.4dcff3162a35d03343a616f3f33021f0.txt,crops/test/40/003_0017_j_png.rf.4dcff3162a35d03343a616f3f33021f0__box0.jpg,587,640,542,542
test,50,49,speed-limit-50,test/images/0476_jpg.rf.7b99be9b034c6a3dc542c6c039d933f0.jpg,test/labels/0476_jpg.rf.7b99be9b034c6a3dc542c6c039d933f0.txt,crops/test/50/0476_jpg.rf.7b99be9b034c6a3dc542c6c039d933f0__box0.jpg,640,640,638,638
test,50,49,speed-limit-50,test/images/P1840098_2_jpg.rf.fe1ad5b0688ca74d94fe3fd34e148cf2.jpg,test/labels/P1840098_2_jpg.rf.fe1ad5b0688ca74d94fe3fd34e148cf2.txt,crops/test/50/P1840098_2_jpg.rf.fe1ad5b0688ca74d94fe3fd34e148cf2__box0.jpg,640,640,640,640
test,60,50,speed-limit-60,test/images/P1840154_3_jpg.rf.d4aade3ca53f8a73cefc2957f40688b3.jpg,test/labels/P1840154_3_jpg.rf.d4aade3ca53f8a73cefc2957f40688b3.txt,crops/test/60/P1840154_3_jpg.rf.d4aade3ca53f8a73cefc2957f40688b3__box0.jpg,640,640,640,640
test,5,48,speed-limit-5,test/images/camera_20260824_132335_170305_jpg.rf.f8e7ce31bdf983cc0ca23410e23f314b.jpg,test/labels/camera_20260824_132335_170305_jpg.rf.f8e7ce31bdf983cc0ca23410e23f314b.txt,crops/test/5/camera_20260824_132335_170305_jpg.rf.f8e7ce31bdf983cc0ca23410e23f314b__box0.jpg,640,360,42,42
test,15,45,speed-limit-15,test/images/camera_20260824_132352_728040_jpg.rf.18806b5235809a9372b882c57b166a10.jpg,test/labels/camera_20260824_132352_728040_jpg.rf.18806b5235809a9372b882c57b166a10.txt,crops/test/15/camera_20260824_132352_728040_jpg.rf.18806b5235809a9372b882c57b166a10__box0.jpg,640,360,23,23
test,30,46,speed-limit-30,test/images/camera_20260824_132437_907194_jpg.rf.01ea8005aea786009d5074f26ea7de0f.jpg,test/labels/camera_20260824_132437_907194_jpg.rf.01ea8005aea786009d5074f26ea7de0f.txt,crops/test/30/camera_20260824_132437_907194_jpg.rf.01ea8005aea786009d5074f26ea7de0f__box0.jpg,640,360,29,29
test,60,50,speed-limit-60,test/images/camera_20260824_132545_540266_jpg.rf.c60b8a4ee4273292142b23896d32cf36.jpg,test/labels/camera_20260824_132545_540266_jpg.rf.c60b8a4ee4273292142b23896d32cf36.txt,crops/test/60/camera_20260824_132545_540266_jpg.rf.c60b8a4ee4273292142b23896d32cf36__box0.jpg,640,360,31,31
test,80,51,speed-limit-80,test/images/camera_20260824_132733_380646_jpg.rf.a67f709335b721398de8e31d8768125f.jpg,test/labels/camera_20260824_132733_380646_jpg.rf.a67f709335b721398de8e31d8768125f.txt,crops/test/80/camera_20260824_132733_380646_jpg.rf.a67f709335b721398de8e31d8768125f__box0.jpg,640,360,58,58
train,30,46,speed-limit-30,train/images/00001_00000_00012_png_jpg.rf.6596eae71db1004a396e72ea745bd7bf.jpg,train/labels/00001_00000_00012_png_jpg.rf.6596eae71db1004a396e72ea745bd7bf.txt,crops/train/30/00001_00000_00012_png_jpg.rf.6596eae71db1004a396e72ea745bd7bf__box0.jpg,640,640,640,640
train,30,46,speed-limit-30,train/images/00001_00000_00013_png_jpg.rf.94943dd8f7517acdfa2eb206128644da.jpg,train/labels/00001_00000_00013_png_jpg.rf.94943dd8f7517acdfa2eb206128644da.txt,crops/train/30/00001_00000_00013_png_jpg.rf.94943dd8f7517acdfa2eb206128644da__box0.jpg,640,640,621,621
train,30,46,speed-limit-30,train/images/00001_00000_00024_png_jpg.rf.e7d3749df2af84cdbe3acd9465005c70.jpg,train/labels/00001_00000_00024_png_jpg.rf.e7d3749df2af84cdbe3acd9465005c70.txt,crops/train/30/00001_00000_00024_png_jpg.rf.e7d3749df2af84cdbe3acd9465005c70__box0.jpg,633,640,624,624
train,30,46,speed-limit-30,train/images/00001_00000_00025_png_jpg.rf.e599ab3e425d1356114ae158f14a311f.jpg,train/labels/00001_00000_00025_png_jpg.rf.e599ab3e425d1356114ae158f14a311f.txt,crops/train/30/00001_00000_00025_png_jpg.rf.e599ab3e425d1356114ae158f14a311f__box0.jpg,640,633,634,634
train,30,46,speed-limit-30,train/images/00001_00016_00009_png_jpg.rf.402775eabda9bf6178de17585cd8f35d.jpg,train/labels/00001_00016_00009_png_jpg.rf.402775eabda9bf6178de17585cd8f35d.txt,crops/train/30/00001_00016_00009_png_jpg.rf.402775eabda9bf6178de17585cd8f35d__box0.jpg,608,640,562,562
train,30,46,speed-limit-30,train/images/00001_00016_00011_png_jpg.rf.3c85c8858af03b05b9fba2c09679c29e.jpg,train/labels/00001_00016_00011_png_jpg.rf.3c85c8858af03b05b9fba2c09679c29e.txt,crops/train/30/00001_00016_00011_png_jpg.rf.3c85c8858af03b05b9fba2c09679c29e__box0.jpg,640,624,582,582
train,30,46,speed-limit-30,train/images/00001_00016_00021_png_jpg.rf.42285cc104ee248bbd937c60b871aa2d.jpg,train/labels/00001_00016_00021_png_jpg.rf.42285cc104ee248bbd937c60b871aa2d.txt,crops/train/30/00001_00016_00021_png_jpg.rf.42285cc104ee248bbd937c60b871aa2d__box0.jpg,628,640,636,636
train,30,46,speed-limit-30,train/images/00001_00016_00022_png_jpg.rf.3ccb33340f01e922992addd0be2819cb.jpg,train/labels/00001_00016_00022_png_jpg.rf.3ccb33340f01e922992addd0be2819cb.txt,crops/train/30/00001_00016_00022_png_jpg.rf.3ccb33340f01e922992addd0be2819cb__box0.jpg,640,629,640,640
train,30,46,speed-limit-30,train/images/00001_00016_00023_png_jpg.rf.39242827838da52597567c8be65d4f36.jpg,train/labels/00001_00016_00023_png_jpg.rf.39242827838da52597567c8be65d4f36.txt,crops/train/30/00001_00016_00023_png_jpg.rf.39242827838da52597567c8be65d4f36__box0.jpg,640,640,639,639
train,30,46,speed-limit-30,train/images/00001_00017_00003_png_jpg.rf.1c59d69fe5f5309fe7d83f1f03fafa84.jpg,train/labels/00001_00017_00003_png_jpg.rf.1c59d69fe5f5309fe7d83f1f03fafa84.txt,crops/train/30/00001_00017_00003_png_jpg.rf.1c59d69fe5f5309fe7d83f1f03fafa84__box0.jpg,622,640,530,530
train,30,46,speed-limit-30,train/images/00001_00017_00004_png_jpg.rf.0222e0b4fb225f000b8181f151137b63.jpg,train/labels/00001_00017_00004_png_jpg.rf.0222e0b4fb225f000b8181f151137b63.txt,crops/train/30/00001_00017_00004_png_jpg.rf.0222e0b4fb225f000b8181f151137b63__box0.jpg,640,640,546,546
train,30,46,speed-limit-30,train/images/00001_00017_00015_png_jpg.rf.4c7b5563e0d8b32d8277086ba86b2b63.jpg,train/labels/00001_00017_00015_png_jpg.rf.4c7b5563e0d8b32d8277086ba86b2b63.txt,crops/train/30/00001_00017_00015_png_jpg.rf.4c7b5563e0d8b32d8277086ba86b2b63__box0.jpg,626,640,588,588
train,30,46,speed-limit-30,train/images/00001_00017_00016_png_jpg.rf.e0353ee9a6b11f56a8adf84d992ca191.jpg,train/labels/00001_00017_00016_png_jpg.rf.e0353ee9a6b11f56a8adf84d992ca191.txt,crops/train/30/00001_00017_00016_png_jpg.rf.e0353ee9a6b11f56a8adf84d992ca191__box0.jpg,613,640,580,580
train,30,46,speed-limit-30,train/images/00001_00023_00018_png_jpg.rf.b97a83f82f6857b429051445bf311d54.jpg,train/labels/00001_00023_00018_png_jpg.rf.b97a83f82f6857b429051445bf311d54.txt,crops/train/30/00001_00023_00018_png_jpg.rf.b97a83f82f6857b429051445bf311d54__box0.jpg,640,608,504,504
train,30,46,speed-limit-30,train/images/00001_00023_00020_png_jpg.rf.dcf343b8aed678a9663554d930d4c989.jpg,train/labels/00001_00023_00020_png_jpg.rf.dcf343b8aed678a9663554d930d4c989.txt,crops/train/30/00001_00023_00020_png_jpg.rf.dcf343b8aed678a9663554d930d4c989__box0.jpg,640,594,530,530
train,30,46,speed-limit-30,train/images/00001_00024_00000_png_jpg.rf.aff3fc70ebb5648e81338d90a29bacac.jpg,train/labels/00001_00024_00000_png_jpg.rf.aff3fc70ebb5648e81338d90a29bacac.txt,crops/train/30/00001_00024_00000_png_jpg.rf.aff3fc70ebb5648e81338d90a29bacac__box0.jpg,571,640,398,398
train,30,46,speed-limit-30,train/images/00001_00024_00001_png_jpg.rf.29df0e69b1cb25f67662cd98f3fd49f8.jpg,train/labels/00001_00024_00001_png_jpg.rf.29df0e69b1cb25f67662cd98f3fd49f8.txt,crops/train/30/00001_00024_00001_png_jpg.rf.29df0e69b1cb25f67662cd98f3fd49f8__box0.jpg,617,640,398,398
train,30,46,speed-limit-30,train/images/00001_00024_00002_png_jpg.rf.e8a8d1a1b42e5da4e68ac28be79cc7eb.jpg,train/labels/00001_00024_00002_png_jpg.rf.e8a8d1a1b42e5da4e68ac28be79cc7eb.txt,crops/train/30/00001_00024_00002_png_jpg.rf.e8a8d1a1b42e5da4e68ac28be79cc7eb__box0.jpg,595,640,412,412
train,30,46,speed-limit-30,train/images/00001_00024_00012_png_jpg.rf.90ff78cbe9973bd948d0521a3e531dda.jpg,train/labels/00001_00024_00012_png_jpg.rf.90ff78cbe9973bd948d0521a3e531dda.txt,crops/train/30/00001_00024_00012_png_jpg.rf.90ff78cbe9973bd948d0521a3e531dda__box0.jpg,640,594,483,483
train,30,46,speed-limit-30,train/images/00001_00024_00014_png_jpg.rf.de72c39faaa688c0684d0b957df8e3e8.jpg,train/labels/00001_00024_00014_png_jpg.rf.de72c39faaa688c0684d0b957df8e3e8.txt,crops/train/30/00001_00024_00014_png_jpg.rf.de72c39faaa688c0684d0b957df8e3e8__box0.jpg,640,640,540,540
train,30,46,speed-limit-30,train/images/00001_00032_00021_png_jpg.rf.709d27c06dbd68744dad87a4a5514377.jpg,train/labels/00001_00032_00021_png_jpg.rf.709d27c06dbd68744dad87a4a5514377.txt,crops/train/30/00001_00032_00021_png_jpg.rf.709d27c06dbd68744dad87a4a5514377__box0.jpg,620,640,620,620
train,30,46,speed-limit-30,train/images/00001_00032_00022_png_jpg.rf.c553007107c69b0cb2fd61a1f6758da5.jpg,train/labels/00001_00032_00022_png_jpg.rf.c553007107c69b0cb2fd61a1f6758da5.txt,crops/train/30/00001_00032_00022_png_jpg.rf.c553007107c69b0cb2fd61a1f6758da5__box0.jpg,630,640,587,587
train,30,46,speed-limit-30,train/images/00001_00032_00023_png_jpg.rf.9deb8b0c3181a4a2592469d1bbe73fc3.jpg,train/labels/00001_00032_00023_png_jpg.rf.9deb8b0c3181a4a2592469d1bbe73fc3.txt,crops/train/30/00001_00032_00023_png_jpg.rf.9deb8b0c3181a4a2592469d1bbe73fc3__box0.jpg,622,640,588,588
train,30,46,speed-limit-30,train/images/00001_00033_00003_png_jpg.rf.3630e0ea2a421bdb7428e68efe8fc545.jpg,train/labels/00001_00033_00003_png_jpg.rf.3630e0ea2a421bdb7428e68efe8fc545.txt,crops/train/30/00001_00033_00003_png_jpg.rf.3630e0ea2a421bdb7428e68efe8fc545__box0.jpg,640,640,450,450
train,30,46,speed-limit-30,train/images/00001_00033_00004_png_jpg.rf.5fd1d2aad5ee5e92b9355d6114d403fb.jpg,train/labels/00001_00033_00004_png_jpg.rf.5fd1d2aad5ee5e92b9355d6114d403fb.txt,crops/train/30/00001_00033_00004_png_jpg.rf.5fd1d2aad5ee5e92b9355d6114d403fb__box0.jpg,640,619,512,512
train,30,46,speed-limit-30,train/images/00001_00033_00005_png_jpg.rf.fb18606598f736a67b3ea356581d1e8f.jpg,train/labels/00001_00033_00005_png_jpg.rf.fb18606598f736a67b3ea356581d1e8f.txt,crops/train/30/00001_00033_00005_png_jpg.rf.fb18606598f736a67b3ea356581d1e8f__box0.jpg,601,640,482,482
train,30,46,speed-limit-30,train/images/00001_00033_00015_png_jpg.rf.a260eec558c3be25c99d61d89b5219b9.jpg,train/labels/00001_00033_00015_png_jpg.rf.a260eec558c3be25c99d61d89b5219b9.txt,crops/train/30/00001_00033_00015_png_jpg.rf.a260eec558c3be25c99d61d89b5219b9__box0.jpg,640,640,536,536
train,30,46,speed-limit-30,train/images/00001_00033_00016_png_jpg.rf.65ff059b246fb21e8b49b58ec52bdb29.jpg,train/labels/00001_00033_00016_png_jpg.rf.65ff059b246fb21e8b49b58ec52bdb29.txt,crops/train/30/00001_00033_00016_png_jpg.rf.65ff059b246fb21e8b49b58ec52bdb29__box0.jpg,640,640,543,543
train,30,46,speed-limit-30,train/images/00001_00033_00017_png_jpg.rf.010ea96fb013d64bdd542349a41a3eb9.jpg,train/labels/00001_00033_00017_png_jpg.rf.010ea96fb013d64bdd542349a41a3eb9.txt,crops/train/30/00001_00033_00017_png_jpg.rf.010ea96fb013d64bdd542349a41a3eb9__box0.jpg,640,640,530,530
train,30,46,speed-limit-30,train/images/00001_00033_00027_png_jpg.rf.8c7af7d7f2dad87ef1bfbb9246ed6938.jpg,train/labels/00001_00033_00027_png_jpg.rf.8c7af7d7f2dad87ef1bfbb9246ed6938.txt,crops/train/30/00001_00033_00027_png_jpg.rf.8c7af7d7f2dad87ef1bfbb9246ed6938__box0.jpg,640,602,611,611
train,30,46,speed-limit-30,train/images/00001_00033_00028_png_jpg.rf.129ade68dd71d77eed1a83094567f982.jpg,train/labels/00001_00033_00028_png_jpg.rf.129ade68dd71d77eed1a83094567f982.txt,crops/train/30/00001_00033_00028_png_jpg.rf.129ade68dd71d77eed1a83094567f982__box0.jpg,640,613,585,585
train,30,46,speed-limit-30,train/images/00001_00033_00029_png_jpg.rf.5d190438ccf6413538ee6c53636f667f.jpg,train/labels/00001_00033_00029_png_jpg.rf.5d190438ccf6413538ee6c53636f667f.txt,crops/train/30/00001_00033_00029_png_jpg.rf.5d190438ccf6413538ee6c53636f667f__box0.jpg,640,640,631,631
train,30,46,speed-limit-30,train/images/00001_00042_00015_png_jpg.rf.84c67d9198256e68e4eec4011a388ad0.jpg,train/labels/00001_00042_00015_png_jpg.rf.84c67d9198256e68e4eec4011a388ad0.txt,crops/train/30/00001_00042_00015_png_jpg.rf.84c67d9198256e68e4eec4011a388ad0__box0.jpg,640,640,600,600
train,30,46,speed-limit-30,train/images/00001_00042_00016_png_jpg.rf.60a7883394979caa4cf676894c2c8a51.jpg,train/labels/00001_00042_00016_png_jpg.rf.60a7883394979caa4cf676894c2c8a51.txt,crops/train/30/00001_00042_00016_png_jpg.rf.60a7883394979caa4cf676894c2c8a51__box0.jpg,614,640,604,604
train,30,46,speed-limit-30,train/images/00001_00042_00017_png_jpg.rf.90c89ab2473d3dc5ecb10768b7cae2a9.jpg,train/labels/00001_00042_00017_png_jpg.rf.90c89ab2473d3dc5ecb10768b7cae2a9.txt,crops/train/30/00001_00042_00017_png_jpg.rf.90c89ab2473d3dc5ecb10768b7cae2a9__box0.jpg,627,640,592,592
train,30,46,speed-limit-30,train/images/00001_00042_00027_png_jpg.rf.34821917e86d3cfd3ad82ad6cefc0afb.jpg,train/labels/00001_00042_00027_png_jpg.rf.34821917e86d3cfd3ad82ad6cefc0afb.txt,crops/train/30/00001_00042_00027_png_jpg.rf.34821917e86d3cfd3ad82ad6cefc0afb__box0.jpg,633,640,633,633
train,30,46,speed-limit-30,train/images/00001_00042_00028_png_jpg.rf.ebda7e1700c19b54620cd73780915dc6.jpg,train/labels/00001_00042_00028_png_jpg.rf.ebda7e1700c19b54620cd73780915dc6.txt,crops/train/30/00001_00042_00028_png_jpg.rf.ebda7e1700c19b54620cd73780915dc6__box0.jpg,633,640,628,628
train,30,46,speed-limit-30,train/images/00001_00042_00029_png_jpg.rf.d378b90d3109b6ef5ee8612c11e34577.jpg,train/labels/00001_00042_00029_png_jpg.rf.d378b90d3109b6ef5ee8612c11e34577.txt,crops/train/30/00001_00042_00029_png_jpg.rf.d378b90d3109b6ef5ee8612c11e34577__box0.jpg,634,640,618,618
train,30,46,speed-limit-30,train/images/00001_00042_00029_png_jpg.rf.d378b90d3109b6ef5ee8612c11e34577.jpg,train/labels/00001_00042_00029_png_jpg.rf.d378b90d3109b6ef5ee8612c11e34577.txt,crops/train/30/00001_00042_00029_png_jpg.rf.d378b90d3109b6ef5ee8612c11e34577__box1.jpg,634,640,626,626
train,30,46,speed-limit-30,train/images/00001_00043_00009_png_jpg.rf.bd02af1965677177a86730a7ce84cca5.jpg,train/labels/00001_00043_00009_png_jpg.rf.bd02af1965677177a86730a7ce84cca5.txt,crops/train/30/00001_00043_00009_png_jpg.rf.bd02af1965677177a86730a7ce84cca5__box0.jpg,626,640,508,508
train,30,46,speed-limit-30,train/images/00001_00043_00010_png_jpg.rf.3867b7ce2a7d0b7c74e641ee020cf855.jpg,train/labels/00001_00043_00010_png_jpg.rf.3867b7ce2a7d0b7c74e641ee020cf855.txt,crops/train/30/00001_00043_00010_png_jpg.rf.3867b7ce2a7d0b7c74e641ee020cf855__box0.jpg,640,626,525,525
train,30,46,speed-limit-30,train/images/00001_00043_00011_png_jpg.rf.8ab4cb3dffaee59e0aa39d33cbb0f4b8.jpg,train/labels/00001_00043_00011_png_jpg.rf.8ab4cb3dffaee59e0aa39d33cbb0f4b8.txt,crops/train/30/00001_00043_00011_png_jpg.rf.8ab4cb3dffaee59e0aa39d33cbb0f4b8__box0.jpg,640,640,530,530
train,30,46,speed-limit-30,train/images/00001_00059_00026_png_jpg.rf.faa17eec3d1ebadd1923ac45ff7c4bd3.jpg,train/labels/00001_00059_00026_png_jpg.rf.faa17eec3d1ebadd1923ac45ff7c4bd3.txt,crops/train/30/00001_00059_00026_png_jpg.rf.faa17eec3d1ebadd1923ac45ff7c4bd3__box0.jpg,612,640,637,637
train,30,46,speed-limit-30,train/images/00001_00060_00009_png_jpg.rf.c8eb28b920a3a1f53b2c0b4fc4172fb8.jpg,train/labels/00001_00060_00009_png_jpg.rf.c8eb28b920a3a1f53b2c0b4fc4172fb8.txt,crops/train/30/00001_00060_00009_png_jpg.rf.c8eb28b920a3a1f53b2c0b4fc4172fb8__box0.jpg,640,624,596,596
train,30,46,speed-limit-30,train/images/00001_00060_00010_png_jpg.rf.75dbf6dfb935bb508dff263c600c4932.jpg,train/labels/00001_00060_00010_png_jpg.rf.75dbf6dfb935bb508dff263c600c4932.txt,crops/train/30/00001_00060_00010_png_jpg.rf.75dbf6dfb935bb508dff263c600c4932__box0.jpg,640,624,601,601
train,30,46,speed-limit-30,train/images/00001_00060_00011_png_jpg.rf.e1675a3929001ba59ffea47818a0e9d6.jpg,train/labels/00001_00060_00011_png_jpg.rf.e1675a3929001ba59ffea47818a0e9d6.txt,crops/train/30/00001_00060_00011_png_jpg.rf.e1675a3929001ba59ffea47818a0e9d6__box0.jpg,640,610,592,592
train,30,46,speed-limit-30,train/images/00001_00060_00021_png_jpg.rf.7f040bc6c8485ea7bd1f781e0a264afe.jpg,train/labels/00001_00060_00021_png_jpg.rf.7f040bc6c8485ea7bd1f781e0a264afe.txt,crops/train/30/00001_00060_00021_png_jpg.rf.7f040bc6c8485ea7bd1f781e0a264afe__box0.jpg,628,640,629,629
train,30,46,speed-limit-30,train/images/00001_00060_00022_png_jpg.rf.87d64081cf2adc93fc1b3dc0ff811810.jpg,train/labels/00001_00060_00022_png_jpg.rf.87d64081cf2adc93fc1b3dc0ff811810.txt,crops/train/30/00001_00060_00022_png_jpg.rf.87d64081cf2adc93fc1b3dc0ff811810__box0.jpg,629,640,629,629
train,30,46,speed-limit-30,train/images/00001_00060_00023_png_jpg.rf.32d55ce69f87e8f40cc54104573c9afe.jpg,train/labels/00001_00060_00023_png_jpg.rf.32d55ce69f87e8f40cc54104573c9afe.txt,crops/train/30/00001_00060_00023_png_jpg.rf.32d55ce69f87e8f40cc54104573c9afe__box0.jpg,640,640,640,640
train,30,46,speed-limit-30,train/images/00001_00061_00003_png_jpg.rf.ca201a5e40019a6310fa7abce6ae19aa.jpg,train/labels/00001_00061_00003_png_jpg.rf.ca201a5e40019a6310fa7abce6ae19aa.txt,crops/train/30/00001_00061_00003_png_jpg.rf.ca201a5e40019a6310fa7abce6ae19aa__box0.jpg,621,640,522,522
train,30,46,speed-limit-30,train/images/00001_00061_00004_png_jpg.rf.523f90c9396785bf0d55b66ba73b76f5.jpg,train/labels/00001_00061_00004_png_jpg.rf.523f90c9396785bf0d55b66ba73b76f5.txt,crops/train/30/00001_00061_00004_png_jpg.rf.523f90c9396785bf0d55b66ba73b76f5__box0.jpg,603,640,568,568
train,30,46,speed-limit-30,train/images/00001_00061_00005_png_jpg.rf.cb8324cda36c5fbcefbe167908d0b83b.jpg,train/labels/00001_00061_00005_png_jpg.rf.cb8324cda36c5fbcefbe167908d0b83b.txt,crops/train/30/00001_00061_00005_png_jpg.rf.cb8324cda36c5fbcefbe167908d0b83b__box0.jpg,622,640,552,552
train,30,46,speed-limit-30,train/images/00001_00061_00015_png_jpg.rf.c98bbfacd91b77c71a5ef1828d6f8c46.jpg,train/labels/00001_00061_00015_png_jpg.rf.c98bbfacd91b77c71a5ef1828d6f8c46.txt,crops/train/30/00001_00061_00015_png_jpg.rf.c98bbfacd91b77c71a5ef1828d6f8c46__box0.jpg,624,640,587,587
train,30,46,speed-limit-30,train/images/00001_00061_00016_png_jpg.rf.11a267a441344c46ef69dc96cffafe46.jpg,train/labels/00001_00061_00016_png_jpg.rf.11a267a441344c46ef69dc96cffafe46.txt,crops/train/30/00001_00061_00016_png_jpg.rf.11a267a441344c46ef69dc96cffafe46__box0.jpg,596,640,605,605
train,30,46,speed-limit-30,train/images/00001_00061_00017_png_jpg.rf.3ba508c4386956fb539254a5f44b8996.jpg,train/labels/00001_00061_00017_png_jpg.rf.3ba508c4386956fb539254a5f44b8996.txt,crops/train/30/00001_00061_00017_png_jpg.rf.3ba508c4386956fb539254a5f44b8996__box0.jpg,583,640,600,600
train,30,46,speed-limit-30,train/images/00001_00061_00027_png_jpg.rf.ea4c06d09da58772f85e4149365c8e17.jpg,train/labels/00001_00061_00027_png_jpg.rf.ea4c06d09da58772f85e4149365c8e17.txt,crops/train/30/00001_00061_00027_png_jpg.rf.ea4c06d09da58772f85e4149365c8e17__box0.jpg,608,640,608,608
train,30,46,speed-limit-30,train/images/00001_00061_00027_png_jpg.rf.ea4c06d09da58772f85e4149365c8e17.jpg,train/labels/00001_00061_00027_png_jpg.rf.ea4c06d09da58772f85e4149365c8e17.txt,crops/train/30/00001_00061_00027_png_jpg.rf.ea4c06d09da58772f85e4149365c8e17__box1.jpg,608,640,640,640
train,30,46,speed-limit-30,train/images/00001_00061_00028_png_jpg.rf.b25aa63f6e5c88d968f45ec2d678d9e3.jpg,train/labels/00001_00061_00028_png_jpg.rf.b25aa63f6e5c88d968f45ec2d678d9e3.txt,crops/train/30/00001_00061_00028_png_jpg.rf.b25aa63f6e5c88d968f45ec2d678d9e3__box0.jpg,629,640,640,640
train,30,46,speed-limit-30,train/images/00001_00061_00029_png_jpg.rf.b093de64c5b9e1f0d9f3e63a0e009585.jpg,train/labels/00001_00061_00029_png_jpg.rf.b093de64c5b9e1f0d9f3e63a0e009585.txt,crops/train/30/00001_00061_00029_png_jpg.rf.b093de64c5b9e1f0d9f3e63a0e009585__box0.jpg,592,640,636,636
train,30,46,speed-limit-30,train/images/00001_00072_00000_png_jpg.rf.00c2a0fd2b65b2991b8554b9785e5844.jpg,train/labels/00001_00072_00000_png_jpg.rf.00c2a0fd2b65b2991b8554b9785e5844.txt,crops/train/30/00001_00072_00000_png_jpg.rf.00c2a0fd2b65b2991b8554b9785e5844__box0.jpg,622,640,398,398
train,30,46,speed-limit-30,train/images/00001_00072_00001_png_jpg.rf.f07825b47801020634f2a8d8e9533413.jpg,train/labels/00001_00072_00001_png_jpg.rf.f07825b47801020634f2a8d8e9533413.txt,crops/train/30/00001_00072_00001_png_jpg.rf.f07825b47801020634f2a8d8e9533413__box0.jpg,640,640,464,464
train,30,46,speed-limit-30,train/images/00001_00072_00012_png_jpg.rf.2245bb2cd4b4d27a3ba36e81fbc81dd6.jpg,train/labels/00001_00072_00012_png_jpg.rf.2245bb2cd4b4d27a3ba36e81fbc81dd6.txt,crops/train/30/00001_00072_00012_png_jpg.rf.2245bb2cd4b4d27a3ba36e81fbc81dd6__box0.jpg,640,640,565,565
train,30,46,speed-limit-30,train/images/00001_00072_00013_png_jpg.rf.703bb0e0e89449226f544cdc95a4aa41.jpg,train/labels/00001_00072_00013_png_jpg.rf.703bb0e0e89449226f544cdc95a4aa41.txt,crops/train/30/00001_00072_00013_png_jpg.rf.703bb0e0e89449226f544cdc95a4aa41__box0.jpg,640,640,554,554
train,30,46,speed-limit-30,train/images/00001_00072_00024_png_jpg.rf.dadbd88c7392494e6822ddb915fae090.jpg,train/labels/00001_00072_00024_png_jpg.rf.dadbd88c7392494e6822ddb915fae090.txt,crops/train/30/00001_00072_00024_png_jpg.rf.dadbd88c7392494e6822ddb915fae090__box0.jpg,640,640,616,616
train,30,46,speed-limit-30,train/images/00001_00072_00025_png_jpg.rf.b546bd34265799c9426cb6df6a4aa43b.jpg,train/labels/00001_00072_00025_png_jpg.rf.b546bd34265799c9426cb6df6a4aa43b.txt,crops/train/30/00001_00072_00025_png_jpg.rf.b546bd34265799c9426cb6df6a4aa43b__box0.jpg,640,632,589,589
train,30,46,speed-limit-30,train/images/00001_00073_00003_png_jpg.rf.4f01c68454a560e8a1bdeae2a78262f4.jpg,train/labels/00001_00073_00003_png_jpg.rf.4f01c68454a560e8a1bdeae2a78262f4.txt,crops/train/30/00001_00073_00003_png_jpg.rf.4f01c68454a560e8a1bdeae2a78262f4__box0.jpg,640,626,613,613
train,30,46,speed-limit-30,train/images/00001_00073_00004_png_jpg.rf.0e6b623bb088f1b1e523fdff630b0bcc.jpg,train/labels/00001_00073_00004_png_jpg.rf.0e6b623bb088f1b1e523fdff630b0bcc.txt,crops/train/30/00001_00073_00004_png_jpg.rf.0e6b623bb088f1b1e523fdff630b0bcc__box0.jpg,640,626,621,621
train,30,46,speed-limit-30,train/images/00001_00073_00005_png_jpg.rf.b0edb973aeebd51c8fd4021b8acde4f0.jpg,train/labels/00001_00073_00005_png_jpg.rf.b0edb973aeebd51c8fd4021b8acde4f0.txt,crops/train/30/00001_00073_00005_png_jpg.rf.b0edb973aeebd51c8fd4021b8acde4f0__box0.jpg,627,640,573,573
train,30,46,speed-limit-30,train/images/00001_00073_00015_png_jpg.rf.9d86c8e6f2b7be27f71dd9807d3a1eb7.jpg,train/labels/00001_00073_00015_png_jpg.rf.9d86c8e6f2b7be27f71dd9807d3a1eb7.txt,crops/train/30/00001_00073_00015_png_jpg.rf.9d86c8e6f2b7be27f71dd9807d3a1eb7__box0.jpg,640,640,640,640
train,30,46,speed-limit-30,train/images/00001_00073_00016_png_jpg.rf.08b18e4c418dcc854c8a39093c99007b.jpg,train/labels/00001_00073_00016_png_jpg.rf.08b18e4c418dcc854c8a39093c99007b.txt,crops/train/30/00001_00073_00016_png_jpg.rf.08b18e4c418dcc854c8a39093c99007b__box0.jpg,640,640,640,640
train,30,46,speed-limit-30,train/images/00001_00073_00017_png_jpg.rf.45b3e3b05755322ab07db675e25779af.jpg,train/labels/00001_00073_00017_png_jpg.rf.45b3e3b05755322ab07db675e25779af.txt,crops/train/30/00001_00073_00017_png_jpg.rf.45b3e3b05755322ab07db675e25779af__box0.jpg,628,640,634,634
train,30,46,speed-limit-30,train/images/00001_00073_00027_png_jpg.rf.d7271139a86e427eb43ecfa8f60639c7.jpg,train/labels/00001_00073_00027_png_jpg.rf.d7271139a86e427eb43ecfa8f60639c7.txt,crops/train/30/00001_00073_00027_png_jpg.rf.d7271139a86e427eb43ecfa8f60639c7__box0.jpg,609,640,632,632
train,30,46,speed-limit-30,train/images/00001_00073_00028_png_jpg.rf.23a2c5036dbc4c7606bff945c4fd4117.jpg,train/labels/00001_00073_00028_png_jpg.rf.23a2c5036dbc4c7606bff945c4fd4117.txt,crops/train/30/00001_00073_00028_png_jpg.rf.23a2c5036dbc4c7606bff945c4fd4117__box0.jpg,617,640,640,640
train,30,46,speed-limit-30,train/images/00001_00073_00029_png_jpg.rf.abba32062b7157385c9d74142ecc4e93.jpg,train/labels/00001_00073_00029_png_jpg.rf.abba32062b7157385c9d74142ecc4e93.txt,crops/train/30/00001_00073_00029_png_jpg.rf.abba32062b7157385c9d74142ecc4e93__box0.jpg,617,640,627,627
train,50,49,speed-limit-50,train/images/00002_00003_00026_png_jpg.rf.b5ecc315ca1f1ae9b52225bfaf4ee8c4.jpg,train/labels/00002_00003_00026_png_jpg.rf.b5ecc315ca1f1ae9b52225bfaf4ee8c4.txt,crops/train/50/00002_00003_00026_png_jpg.rf.b5ecc315ca1f1ae9b52225bfaf4ee8c4__box0.jpg,630,640,640,640
train,50,49,speed-limit-50,train/images/00002_00003_00028_png_jpg.rf.f05210c4adf259490b75f68a506442a3.jpg,train/labels/00002_00003_00028_png_jpg.rf.f05210c4adf259490b75f68a506442a3.txt,crops/train/50/00002_00003_00028_png_jpg.rf.f05210c4adf259490b75f68a506442a3__box0.jpg,640,640,640,640
train,50,49,speed-limit-50,train/images/00002_00003_00029_png_jpg.rf.552dcb8b35f5b6ac7d06fbf20fa155ec.jpg,train/labels/00002_00003_00029_png_jpg.rf.552dcb8b35f5b6ac7d06fbf20fa155ec.txt,crops/train/50/00002_00003_00029_png_jpg.rf.552dcb8b35f5b6ac7d06fbf20fa155ec__box0.jpg,640,631,636,636
train,50,49,speed-limit-50,train/images/00002_00004_00008_png_jpg.rf.8f85609e369b09324d6750434a92a6e0.jpg,train/labels/00002_00004_00008_png_jpg.rf.8f85609e369b09324d6750434a92a6e0.txt,crops/train/50/00002_00004_00008_png_jpg.rf.8f85609e369b09324d6750434a92a6e0__box0.jpg,621,640,514,514
train,50,49,speed-limit-50,train/images/00002_00004_00010_png_jpg.rf.111f6a562379f8fc367ba24589ea0bf6.jpg,train/labels/00002_00004_00010_png_jpg.rf.111f6a562379f8fc367ba24589ea0bf6.txt,crops/train/50/00002_00004_00010_png_jpg.rf.111f6a562379f8fc367ba24589ea0bf6__box0.jpg,621,640,584,584
train,50,49,speed-limit-50,train/images/00002_00004_00011_png_jpg.rf.7d514ba833a9ac376468058ed2dea609.jpg,train/labels/00002_00004_00011_png_jpg.rf.7d514ba833a9ac376468058ed2dea609.txt,crops/train/50/00002_00004_00011_png_jpg.rf.7d514ba833a9ac376468058ed2dea609__box0.jpg,604,640,530,530
train,50,49,speed-limit-50,train/images/00002_00004_00020_png_jpg.rf.6cb8c9976122cbddba7ae526a9be0519.jpg,train/labels/00002_00004_00020_png_jpg.rf.6cb8c9976122cbddba7ae526a9be0519.txt,crops/train/50/00002_00004_00020_png_jpg.rf.6cb8c9976122cbddba7ae526a9be0519__box0.jpg,640,640,583,583
train,50,49,speed-limit-50,train/images/00002_00004_00021_png_jpg.rf.c44d5fea8c0d7533b6fa3ebb948869d8.jpg,train/labels/00002_00004_00021_png_jpg.rf.c44d5fea8c0d7533b6fa3ebb948869d8.txt,crops/train/50/00002_00004_00021_png_jpg.rf.c44d5fea8c0d7533b6fa3ebb948869d8__box0.jpg,626,640,579,579
train,50,49,speed-limit-50,train/images/00002_00005_00002_png_jpg.rf.fd8cc3a9e59abb9a102b64a103b2c327.jpg,train/labels/00002_00005_00002_png_jpg.rf.fd8cc3a9e59abb9a102b64a103b2c327.txt,crops/train/50/00002_00005_00002_png_jpg.rf.fd8cc3a9e59abb9a102b64a103b2c327__box0.jpg,618,640,478,478
train,50,49,speed-limit-50,train/images/00002_00005_00003_png_jpg.rf.998e5e74d5a3875d8461ca7428c49542.jpg,train/labels/00002_00005_00003_png_jpg.rf.998e5e74d5a3875d8461ca7428c49542.txt,crops/train/50/00002_00005_00003_png_jpg.rf.998e5e74d5a3875d8461ca7428c49542__box0.jpg,640,619,462,462
train,50,49,speed-limit-50,train/images/00002_00005_00005_png_jpg.rf.8cec096401c6383e553cce56fbf78cd3.jpg,train/labels/00002_00005_00005_png_jpg.rf.8cec096401c6383e553cce56fbf78cd3.txt,crops/train/50/00002_00005_00005_png_jpg.rf.8cec096401c6383e553cce56fbf78cd3__box0.jpg,640,640,496,496
train,50,49,speed-limit-50,train/images/00002_00008_00024_png_jpg.rf.a69109ba4109e79e6396c971bc5c8f26.jpg,train/labels/00002_00008_00024_png_jpg.rf.a69109ba4109e79e6396c971bc5c8f26.txt,crops/train/50/00002_00008_00024_png_jpg.rf.a69109ba4109e79e6396c971bc5c8f26__box0.jpg,628,640,589,589
train,50,49,speed-limit-50,train/images/00002_00008_00025_png_jpg.rf.532aa4815ce9c12fc764928ad04d3556.jpg,train/labels/00002_00008_00025_png_jpg.rf.532aa4815ce9c12fc764928ad04d3556.txt,crops/train/50/00002_00008_00025_png_jpg.rf.532aa4815ce9c12fc764928ad04d3556__box0.jpg,608,640,583,583
train,50,49,speed-limit-50,train/images/00002_00008_00026_png_jpg.rf.dc31ebf64c1913385d0cdfe623287639.jpg,train/labels/00002_00008_00026_png_jpg.rf.dc31ebf64c1913385d0cdfe623287639.txt,crops/train/50/00002_00008_00026_png_jpg.rf.dc31ebf64c1913385d0cdfe623287639__box0.jpg,600,640,587,587
train,50,49,speed-limit-50,train/images/00002_00008_00027_png_jpg.rf.2dc007bdbffb9ff2e2f24e24095cf343.jpg,train/labels/00002_00008_00027_png_jpg.rf.2dc007bdbffb9ff2e2f24e24095cf343.txt,crops/train/50/00002_00008_00027_png_jpg.rf.2dc007bdbffb9ff2e2f24e24095cf343__box0.jpg,594,640,594,594
train,50,49,speed-limit-50,train/images/00002_00009_00006_png_jpg.rf.d90b201f6c7d99a93382696fa81d3317.jpg,train/labels/00002_00009_00006_png_jpg.rf.d90b201f6c7d99a93382696fa81d3317.txt,crops/train/50/00002_00009_00006_png_jpg.rf.d90b201f6c7d99a93382696fa81d3317__box0.jpg,640,640,573,573
train,50,49,speed-limit-50,train/images/00002_00009_00007_png_jpg.rf.414b1ef3716914761b4ec1644a0f31f3.jpg,train/labels/00002_00009_00007_png_jpg.rf.414b1ef3716914761b4ec1644a0f31f3.txt,crops/train/50/00002_00009_00007_png_jpg.rf.414b1ef3716914761b4ec1644a0f31f3__box0.jpg,640,611,548,548
train,50,49,speed-limit-50,train/images/00002_00009_00018_png_jpg.rf.d72a693260d307adf50fb29d6aa3568d.jpg,train/labels/00002_00009_00018_png_jpg.rf.d72a693260d307adf50fb29d6aa3568d.txt,crops/train/50/00002_00009_00018_png_jpg.rf.d72a693260d307adf50fb29d6aa3568d__box0.jpg,630,640,621,621
train,50,49,speed-limit-50,train/images/00002_00009_00019_png_jpg.rf.e61cc1ba7f79397e5ca78641d0ddbcf0.jpg,train/labels/00002_00009_00019_png_jpg.rf.e61cc1ba7f79397e5ca78641d0ddbcf0.txt,crops/train/50/00002_00009_00019_png_jpg.rf.e61cc1ba7f79397e5ca78641d0ddbcf0__box0.jpg,640,631,616,616
train,50,49,speed-limit-50,train/images/00002_00009_00020_png_jpg.rf.627e12d1202cd2f5125508cdf389d228.jpg,train/labels/00002_00009_00020_png_jpg.rf.627e12d1202cd2f5125508cdf389d228.txt,crops/train/50/00002_00009_00020_png_jpg.rf.627e12d1202cd2f5125508cdf389d228__box0.jpg,640,623,636,636
train,50,49,speed-limit-50,train/images/00002_00009_00021_png_jpg.rf.baeddd17db587317135a37a7a6b404ae.jpg,train/labels/00002_00009_00021_png_jpg.rf.baeddd17db587317135a37a7a6b404ae.txt,crops/train/50/00002_00009_00021_png_jpg.rf.baeddd17db587317135a37a7a6b404ae__box0.jpg,640,593,622,622
train,30,46,speed-limit-30,train/images/00002_00010_00002_png_jpg.rf.b3306aeb0d08a191929e4335bbd3f29d.jpg,train/labels/00002_00010_00002_png_jpg.rf.b3306aeb0d08a191929e4335bbd3f29d.txt,crops/train/30/00002_00010_00002_png_jpg.rf.b3306aeb0d08a191929e4335bbd3f29d__box0.jpg,640,616,471,471
train,30,46,speed-limit-30,train/images/00002_00010_00003_png_jpg.rf.5e2b8926ee9b679f1785225e1cd051fe.jpg,train/labels/00002_00010_00003_png_jpg.rf.5e2b8926ee9b679f1785225e1cd051fe.txt,crops/train/30/00002_00010_00003_png_jpg.rf.5e2b8926ee9b679f1785225e1cd051fe__box0.jpg,640,616,472,472
train,50,49,speed-limit-50,train/images/00002_00012_00019_png_jpg.rf.851466e0248110de3da2138ef3e76f92.jpg,train/labels/00002_00012_00019_png_jpg.rf.851466e0248110de3da2138ef3e76f92.txt,crops/train/50/00002_00012_00019_png_jpg.rf.851466e0248110de3da2138ef3e76f92__box0.jpg,640,592,576,576
train,50,49,speed-limit-50,train/images/00002_00012_00020_png_jpg.rf.070e70fa914b1ca379aebe4c81ae21ec.jpg,train/labels/00002_00012_00020_png_jpg.rf.070e70fa914b1ca379aebe4c81ae21ec.txt,crops/train/50/00002_00012_00020_png_jpg.rf.070e70fa914b1ca379aebe4c81ae21ec__box0.jpg,640,593,590,590
train,50,49,speed-limit-50,train/images/00002_00012_00023_png_jpg.rf.90e85326109a7f22a0780f1f6f72ecc9.jpg,train/labels/00002_00012_00023_png_jpg.rf.90e85326109a7f22a0780f1f6f72ecc9.txt,crops/train/50/00002_00012_00023_png_jpg.rf.90e85326109a7f22a0780f1f6f72ecc9__box0.jpg,640,592,639,639
train,50,49,speed-limit-50,train/images/00002_00013_00005_png_jpg.rf.af80206f81704bb3cb9f9fc58831bca1.jpg,train/labels/00002_00013_00005_png_jpg.rf.af80206f81704bb3cb9f9fc58831bca1.txt,crops/train/50/00002_00013_00005_png_jpg.rf.af80206f81704bb3cb9f9fc58831bca1__box0.jpg,640,640,472,472
train,50,49,speed-limit-50,train/images/00002_00013_00006_png_jpg.rf.5876e3986a820939a9678495dfcbcad6.jpg,train/labels/00002_00013_00006_png_jpg.rf.5876e3986a820939a9678495dfcbcad6.txt,crops/train/50/00002_00013_00006_png_jpg.rf.5876e3986a820939a9678495dfcbcad6__box0.jpg,640,640,496,496
train,50,49,speed-limit-50,train/images/00002_00013_00007_png_jpg.rf.27138f9822cb5c7a41c1b27fce9a7f93.jpg,train/labels/00002_00013_00007_png_jpg.rf.27138f9822cb5c7a41c1b27fce9a7f93.txt,crops/train/50/00002_00013_00007_png_jpg.rf.27138f9822cb5c7a41c1b27fce9a7f93__box0.jpg,640,640,522,522
train,50,49,speed-limit-50,train/images/00002_00013_00008_png_jpg.rf.d9c1226b6217f56af8f8fb5bc410aba7.jpg,train/labels/00002_00013_00008_png_jpg.rf.d9c1226b6217f56af8f8fb5bc410aba7.txt,crops/train/50/00002_00013_00008_png_jpg.rf.d9c1226b6217f56af8f8fb5bc410aba7__box0.jpg,620,640,506,506
train,50,49,speed-limit-50,train/images/00002_00013_00009_png_jpg.rf.0f13eafca6042526bac20d036e8801c3.jpg,train/labels/00002_00013_00009_png_jpg.rf.0f13eafca6042526bac20d036e8801c3.txt,crops/train/50/00002_00013_00009_png_jpg.rf.0f13eafca6042526bac20d036e8801c3__box0.jpg,602,640,491,491
train,50,49,speed-limit-50,train/images/00002_00013_00021_png_jpg.rf.4f62f2c21b9f968390efc10a4142e424.jpg,train/labels/00002_00013_00021_png_jpg.rf.4f62f2c21b9f968390efc10a4142e424.txt,crops/train/50/00002_00013_00021_png_jpg.rf.4f62f2c21b9f968390efc10a4142e424__box0.jpg,595,640,563,563
train,50,49,speed-limit-50,train/images/00002_00013_00022_png_jpg.rf.661d04ee9ca5628f126fa22087837e3a.jpg,train/labels/00002_00013_00022_png_jpg.rf.661d04ee9ca5628f126fa22087837e3a.txt,crops/train/50/00002_00013_00022_png_jpg.rf.661d04ee9ca5628f126fa22087837e3a__box0.jpg,610,640,586,586
train,50,49,speed-limit-50,train/images/00002_00013_00023_png_jpg.rf.98cf93800d169e6bec3b47c16a67f8fe.jpg,train/labels/00002_00013_00023_png_jpg.rf.98cf93800d169e6bec3b47c16a67f8fe.txt,crops/train/50/00002_00013_00023_png_jpg.rf.98cf93800d169e6bec3b47c16a67f8fe__box0.jpg,610,640,572,572
train,50,49,speed-limit-50,train/images/00002_00013_00024_png_jpg.rf.3bde071dadb0aeb1528598ba56ab7541.jpg,train/labels/00002_00013_00024_png_jpg.rf.3bde071dadb0aeb1528598ba56ab7541.txt,crops/train/50/00002_00013_00024_png_jpg.rf.3bde071dadb0aeb1528598ba56ab7541__box0.jpg,597,640,586,586
train,50,49,speed-limit-50,train/images/00002_00062_00013_png_jpg.rf.e6934b879953145f077fa9af64018808.jpg,train/labels/00002_00062_00013_png_jpg.rf.e6934b879953145f077fa9af64018808.txt,crops/train/50/00002_00062_00013_png_jpg.rf.e6934b879953145f077fa9af64018808__box0.jpg,625,640,601,601
train,50,49,speed-limit-50,train/images/00002_00062_00014_png_jpg.rf.85ae4c0425dcd5c58c68e309451e38a7.jpg,train/labels/00002_00062_00014_png_jpg.rf.85ae4c0425dcd5c58c68e309451e38a7.txt,crops/train/50/00002_00062_00014_png_jpg.rf.85ae4c0425dcd5c58c68e309451e38a7__box0.jpg,612,640,596,596
train,50,49,speed-limit-50,train/images/00002_00062_00015_png_jpg.rf.53fcf1fb2a3d56e1c997361c7effb77e.jpg,train/labels/00002_00062_00015_png_jpg.rf.53fcf1fb2a3d56e1c997361c7effb77e.txt,crops/train/50/00002_00062_00015_png_jpg.rf.53fcf1fb2a3d56e1c997361c7effb77e__box0.jpg,640,640,629,629
train,50,49,speed-limit-50,train/images/00002_00072_00012_png_jpg.rf.741fe516a61793f5249d4dd886fa3edb.jpg,train/labels/00002_00072_00012_png_jpg.rf.741fe516a61793f5249d4dd886fa3edb.txt,crops/train/50/00002_00072_00012_png_jpg.rf.741fe516a61793f5249d4dd886fa3edb__box0.jpg,621,640,538,538
train,50,49,speed-limit-50,train/images/00002_00072_00013_png_jpg.rf.5c517484f2d8eeaf6233cb979985142a.jpg,train/labels/00002_00072_00013_png_jpg.rf.5c517484f2d8eeaf6233cb979985142a.txt,crops/train/50/00002_00072_00013_png_jpg.rf.5c517484f2d8eeaf6233cb979985142a__box0.jpg,621,640,574,574
train,50,49,speed-limit-50,train/images/00002_00072_00014_png_jpg.rf.f47e3464c4b07352bd1bc31cdbe9a560.jpg,train/labels/00002_00072_00014_png_jpg.rf.f47e3464c4b07352bd1bc31cdbe9a560.txt,crops/train/50/00002_00072_00014_png_jpg.rf.f47e3464c4b07352bd1bc31cdbe9a560__box0.jpg,621,640,567,567
train,50,49,speed-limit-50,train/images/00002_00072_00015_png_jpg.rf.6f0d748cb73ae3d1103018ec06d7179c.jpg,train/labels/00002_00072_00015_png_jpg.rf.6f0d748cb73ae3d1103018ec06d7179c.txt,crops/train/50/00002_00072_00015_png_jpg.rf.6f0d748cb73ae3d1103018ec06d7179c__box0.jpg,588,640,559,559
train,50,49,speed-limit-50,train/images/00002_00072_00028_png_jpg.rf.6480dde61430a45163f5b1241816a416.jpg,train/labels/00002_00072_00028_png_jpg.rf.6480dde61430a45163f5b1241816a416.txt,crops/train/50/00002_00072_00028_png_jpg.rf.6480dde61430a45163f5b1241816a416__box0.jpg,595,640,635,635
train,50,49,speed-limit-50,train/images/00002_00072_00029_png_jpg.rf.053cfbe30cd3c7f2315e577174c94123.jpg,train/labels/00002_00072_00029_png_jpg.rf.053cfbe30cd3c7f2315e577174c94123.txt,crops/train/50/00002_00072_00029_png_jpg.rf.053cfbe30cd3c7f2315e577174c94123__box0.jpg,597,640,640,640
train,50,49,speed-limit-50,train/images/00002_00073_00000_png_jpg.rf.372a7e992aa60572c48304cd58a9d40f.jpg,train/labels/00002_00073_00000_png_jpg.rf.372a7e992aa60572c48304cd58a9d40f.txt,crops/train/50/00002_00073_00000_png_jpg.rf.372a7e992aa60572c48304cd58a9d40f__box0.jpg,640,616,472,472
train,50,49,speed-limit-50,train/images/00002_00073_00001_png_jpg.rf.02550000fe29dfa0b147019817b01391.jpg,train/labels/00002_00073_00001_png_jpg.rf.02550000fe29dfa0b147019817b01391.txt,crops/train/50/00002_00073_00001_png_jpg.rf.02550000fe29dfa0b147019817b01391__box0.jpg,640,640,483,483
train,50,49,speed-limit-50,train/images/00002_00073_00014_png_jpg.rf.8772a9bc2c45d5ca2b2a1a6f3e606da8.jpg,train/labels/00002_00073_00014_png_jpg.rf.8772a9bc2c45d5ca2b2a1a6f3e606da8.txt,crops/train/50/00002_00073_00014_png_jpg.rf.8772a9bc2c45d5ca2b2a1a6f3e606da8__box0.jpg,640,640,586,586
train,50,49,speed-limit-50,train/images/00002_00073_00015_png_jpg.rf.c7a763fc0a8949dcf3f77b1750dc5658.jpg,train/labels/00002_00073_00015_png_jpg.rf.c7a763fc0a8949dcf3f77b1750dc5658.txt,crops/train/50/00002_00073_00015_png_jpg.rf.c7a763fc0a8949dcf3f77b1750dc5658__box0.jpg,640,624,556,556
train,50,49,speed-limit-50,train/images/00002_00073_00016_png_jpg.rf.19dcb0a25e5669cab5cba7dbc4048ed9.jpg,train/labels/00002_00073_00016_png_jpg.rf.19dcb0a25e5669cab5cba7dbc4048ed9.txt,crops/train/50/00002_00073_00016_png_jpg.rf.19dcb0a25e5669cab5cba7dbc4048ed9__box0.jpg,640,640,594,594
train,50,49,speed-limit-50,train/images/00002_00073_00017_png_jpg.rf.e75d2e2b462e17e4beb2375d5b8dcbd9.jpg,train/labels/00002_00073_00017_png_jpg.rf.e75d2e2b462e17e4beb2375d5b8dcbd9.txt,crops/train/50/00002_00073_00017_png_jpg.rf.e75d2e2b462e17e4beb2375d5b8dcbd9__box0.jpg,640,624,586,586
train,50,49,speed-limit-50,train/images/00002_00074_00000_png_jpg.rf.ea1662941d771738acd69326d3fcbb45.jpg,train/labels/00002_00074_00000_png_jpg.rf.ea1662941d771738acd69326d3fcbb45.txt,crops/train/50/00002_00074_00000_png_jpg.rf.ea1662941d771738acd69326d3fcbb45__box0.jpg,618,640,503,503
train,50,49,speed-limit-50,train/images/00002_00074_00001_png_jpg.rf.ec845021b6b9b1b1672bf1ea3c2cfdef.jpg,train/labels/00002_00074_00001_png_jpg.rf.ec845021b6b9b1b1672bf1ea3c2cfdef.txt,crops/train/50/00002_00074_00001_png_jpg.rf.ec845021b6b9b1b1672bf1ea3c2cfdef__box0.jpg,618,640,503,503
train,50,49,speed-limit-50,train/images/00002_00074_00002_png_jpg.rf.943f1b6bcf4c317bad09217711988349.jpg,train/labels/00002_00074_00002_png_jpg.rf.943f1b6bcf4c317bad09217711988349.txt,crops/train/50/00002_00074_00002_png_jpg.rf.943f1b6bcf4c317bad09217711988349__box0.jpg,619,640,564,564
train,50,49,speed-limit-50,train/images/00002_00074_00016_png_jpg.rf.73401201b120bb2b077db776ba5cbf2a.jpg,train/labels/00002_00074_00016_png_jpg.rf.73401201b120bb2b077db776ba5cbf2a.txt,crops/train/50/00002_00074_00016_png_jpg.rf.73401201b120bb2b077db776ba5cbf2a__box0.jpg,623,640,571,571
train,50,49,speed-limit-50,train/images/00002_00074_00017_png_jpg.rf.d3caeb62147b25210c50400444025750.jpg,train/labels/00002_00074_00017_png_jpg.rf.d3caeb62147b25210c50400444025750.txt,crops/train/50/00002_00074_00017_png_jpg.rf.d3caeb62147b25210c50400444025750__box0.jpg,624,640,589,589
train,50,49,speed-limit-50,train/images/00002_00074_00018_png_jpg.rf.d3094cd117b60bdc73e00f2c1689811e.jpg,train/labels/00002_00074_00018_png_jpg.rf.d3094cd117b60bdc73e00f2c1689811e.txt,crops/train/50/00002_00074_00018_png_jpg.rf.d3094cd117b60bdc73e00f2c1689811e__box0.jpg,624,640,563,563
train,50,49,speed-limit-50,train/images/00002_00074_00019_png_jpg.rf.5f875c301992e39b6a6aef325a34a6fd.jpg,train/labels/00002_00074_00019_png_jpg.rf.5f875c301992e39b6a6aef325a34a6fd.txt,crops/train/50/00002_00074_00019_png_jpg.rf.5f875c301992e39b6a6aef325a34a6fd__box0.jpg,624,640,606,606
train,60,50,speed-limit-60,train/images/00003_00006_00027_png_jpg.rf.b59142363be8905f0dd38eb5cb82f3f1.jpg,train/labels/00003_00006_00027_png_jpg.rf.b59142363be8905f0dd38eb5cb82f3f1.txt,crops/train/60/00003_00006_00027_png_jpg.rf.b59142363be8905f0dd38eb5cb82f3f1__box0.jpg,576,640,640,640
train,60,50,speed-limit-60,train/images/00003_00008_00029_png_jpg.rf.cf445e8445adbb54de141b1e5d33ca48.jpg,train/labels/00003_00008_00029_png_jpg.rf.cf445e8445adbb54de141b1e5d33ca48.txt,crops/train/60/00003_00008_00029_png_jpg.rf.cf445e8445adbb54de141b1e5d33ca48__box0.jpg,605,640,624,624
train,60,50,speed-limit-60,train/images/00003_00010_00026_png_jpg.rf.ced92a64e2bdb07ddddf02e33b267305.jpg,train/labels/00003_00010_00026_png_jpg.rf.ced92a64e2bdb07ddddf02e33b267305.txt,crops/train/60/00003_00010_00026_png_jpg.rf.ced92a64e2bdb07ddddf02e33b267305__box0.jpg,625,640,640,640
train,60,50,speed-limit-60,train/images/00003_00010_00029_png_jpg.rf.3988ae40f9ccfd99ce8bc791d0db1cab.jpg,train/labels/00003_00010_00029_png_jpg.rf.3988ae40f9ccfd99ce8bc791d0db1cab.txt,crops/train/60/00003_00010_00029_png_jpg.rf.3988ae40f9ccfd99ce8bc791d0db1cab__box0.jpg,611,640,640,640
train,60,50,speed-limit-60,train/images/00003_00017_00029_png_jpg.rf.b7b82e97f007dd3781cebdccc9df5ebe.jpg,train/labels/00003_00017_00029_png_jpg.rf.b7b82e97f007dd3781cebdccc9df5ebe.txt,crops/train/60/00003_00017_00029_png_jpg.rf.b7b82e97f007dd3781cebdccc9df5ebe__box0.jpg,607,640,640,640
train,60,50,speed-limit-60,train/images/00003_00023_00027_png_jpg.rf.d3d4c113ed8671a20f027deb164af957.jpg,train/labels/00003_00023_00027_png_jpg.rf.d3d4c113ed8671a20f027deb164af957.txt,crops/train/60/00003_00023_00027_png_jpg.rf.d3d4c113ed8671a20f027deb164af957__box0.jpg,633,640,640,640
train,60,50,speed-limit-60,train/images/00003_00023_00028_png_jpg.rf.c0a1291618d6b51531ff2844ff65c8f5.jpg,train/labels/00003_00023_00028_png_jpg.rf.c0a1291618d6b51531ff2844ff65c8f5.txt,crops/train/60/00003_00023_00028_png_jpg.rf.c0a1291618d6b51531ff2844ff65c8f5__box0.jpg,640,634,620,620
train,60,50,speed-limit-60,train/images/00003_00030_00017_png_jpg.rf.2fa83ad541a256f1c870a9b9393efbb2.jpg,train/labels/00003_00030_00017_png_jpg.rf.2fa83ad541a256f1c870a9b9393efbb2.txt,crops/train/60/00003_00030_00017_png_jpg.rf.2fa83ad541a256f1c870a9b9393efbb2__box0.jpg,610,640,595,595
train,60,50,speed-limit-60,train/images/00003_00030_00018_png_jpg.rf.0464c182bd78eba2c53b8ff07944501e.jpg,train/labels/00003_00030_00018_png_jpg.rf.0464c182bd78eba2c53b8ff07944501e.txt,crops/train/60/00003_00030_00018_png_jpg.rf.0464c182bd78eba2c53b8ff07944501e__box0.jpg,612,640,604,604
train,60,50,speed-limit-60,train/images/00003_00030_00019_png_jpg.rf.a39591eb194665dd2443e32af978b4aa.jpg,train/labels/00003_00030_00019_png_jpg.rf.a39591eb194665dd2443e32af978b4aa.txt,crops/train/60/00003_00030_00019_png_jpg.rf.a39591eb194665dd2443e32af978b4aa__box0.jpg,626,640,600,600
train,60,50,speed-limit-60,train/images/00003_00030_00020_png_jpg.rf.42a6fbe7f7e53a2728cf1f3d5a324a99.jpg,train/labels/00003_00030_00020_png_jpg.rf.42a6fbe7f7e53a2728cf1f3d5a324a99.txt,crops/train/60/00003_00030_00020_png_jpg.rf.42a6fbe7f7e53a2728cf1f3d5a324a99__box0.jpg,615,640,615,615
train,60,50,speed-limit-60,train/images/00003_00030_00021_png_jpg.rf.dfd992b7562b116c6cb11c3177077d9f.jpg,train/labels/00003_00030_00021_png_jpg.rf.dfd992b7562b116c6cb11c3177077d9f.txt,crops/train/60/00003_00030_00021_png_jpg.rf.dfd992b7562b116c6cb11c3177077d9f__box0.jpg,616,640,620,620
train,60,50,speed-limit-60,train/images/00003_00030_00022_png_jpg.rf.57a2c07c36ff5eecca3895f404d4e1f6.jpg,train/labels/00003_00030_00022_png_jpg.rf.57a2c07c36ff5eecca3895f404d4e1f6.txt,crops/train/60/00003_00030_00022_png_jpg.rf.57a2c07c36ff5eecca3895f404d4e1f6__box0.jpg,617,640,620,620
train,60,50,speed-limit-60,train/images/00003_00030_00023_png_jpg.rf.1ab11c26f9d1682102a4aae0b9e93873.jpg,train/labels/00003_00030_00023_png_jpg.rf.1ab11c26f9d1682102a4aae0b9e93873.txt,crops/train/60/00003_00030_00023_png_jpg.rf.1ab11c26f9d1682102a4aae0b9e93873__box0.jpg,640,640,640,640
train,60,50,speed-limit-60,train/images/00003_00030_00029_png_jpg.rf.8ac6c4dfea353f780944b8ecd6555d81.jpg,train/labels/00003_00030_00029_png_jpg.rf.8ac6c4dfea353f780944b8ecd6555d81.txt,crops/train/60/00003_00030_00029_png_jpg.rf.8ac6c4dfea353f780944b8ecd6555d81__box0.jpg,618,640,630,630
train,60,50,speed-limit-60,train/images/00003_00031_00000_png_jpg.rf.da06181e4189614004b311279697ba6a.jpg,train/labels/00003_00031_00000_png_jpg.rf.da06181e4189614004b311279697ba6a.txt,crops/train/60/00003_00031_00000_png_jpg.rf.da06181e4189614004b311279697ba6a__box0.jpg,640,592,530,530
train,60,50,speed-limit-60,train/images/00003_00031_00001_png_jpg.rf.bdf8b5539b0c0531dd6aaee6cb66bc3b.jpg,train/labels/00003_00031_00001_png_jpg.rf.bdf8b5539b0c0531dd6aaee6cb66bc3b.txt,crops/train/60/00003_00031_00001_png_jpg.rf.bdf8b5539b0c0531dd6aaee6cb66bc3b__box0.jpg,617,640,483,483
train,60,50,speed-limit-60,train/images/00003_00031_00002_png_jpg.rf.82faa4318f16ce6cee65001e2179e72a.jpg,train/labels/00003_00031_00002_png_jpg.rf.82faa4318f16ce6cee65001e2179e72a.txt,crops/train/60/00003_00031_00002_png_jpg.rf.82faa4318f16ce6cee65001e2179e72a__box0.jpg,617,640,511,511
train,60,50,speed-limit-60,train/images/00003_00031_00004_png_jpg.rf.96b116974f3a13e543c615d49fe43ac5.jpg,train/labels/00003_00031_00004_png_jpg.rf.96b116974f3a13e543c615d49fe43ac5.txt,crops/train/60/00003_00031_00004_png_jpg.rf.96b116974f3a13e543c615d49fe43ac5__box0.jpg,595,640,494,494
train,60,50,speed-limit-60,train/images/00003_00031_00005_png_jpg.rf.926c72d3a5c7175f5ac02dc0e4752dc9.jpg,train/labels/00003_00031_00005_png_jpg.rf.926c72d3a5c7175f5ac02dc0e4752dc9.txt,crops/train/60/00003_00031_00005_png_jpg.rf.926c72d3a5c7175f5ac02dc0e4752dc9__box0.jpg,617,640,576,576
train,60,50,speed-limit-60,train/images/00003_00031_00011_png_jpg.rf.ca064ce25df5357423bffa4b5abde7b6.jpg,train/labels/00003_00031_00011_png_jpg.rf.ca064ce25df5357423bffa4b5abde7b6.txt,crops/train/60/00003_00031_00011_png_jpg.rf.ca064ce25df5357423bffa4b5abde7b6__box0.jpg,620,640,578,578
train,60,50,speed-limit-60,train/images/00003_00031_00012_png_jpg.rf.d035b4fbc72f05c1f08b18ba1d3472fc.jpg,train/labels/00003_00031_00012_png_jpg.rf.d035b4fbc72f05c1f08b18ba1d3472fc.txt,crops/train/60/00003_00031_00012_png_jpg.rf.d035b4fbc72f05c1f08b18ba1d3472fc__box0.jpg,585,640,579,579
train,60,50,speed-limit-60,train/images/00003_00031_00013_png_jpg.rf.2e90112cea4d61fc0745d34dae226d0b.jpg,train/labels/00003_00031_00013_png_jpg.rf.2e90112cea4d61fc0745d34dae226d0b.txt,crops/train/60/00003_00031_00013_png_jpg.rf.2e90112cea4d61fc0745d34dae226d0b__box0.jpg,621,640,588,588
train,60,50,speed-limit-60,train/images/00003_00031_00014_png_jpg.rf.72cb479d619ed0879ed339d57ffe1e5d.jpg,train/labels/00003_00031_00014_png_jpg.rf.72cb479d619ed0879ed339d57ffe1e5d.txt,crops/train/60/00003_00031_00014_png_jpg.rf.72cb479d619ed0879ed339d57ffe1e5d__box0.jpg,605,640,538,538
train,60,50,speed-limit-60,train/images/00003_00031_00015_png_jpg.rf.011bb5833f540090ac0233576c676d7d.jpg,train/labels/00003_00031_00015_png_jpg.rf.011bb5833f540090ac0233576c676d7d.txt,crops/train/60/00003_00031_00015_png_jpg.rf.011bb5833f540090ac0233576c676d7d__box0.jpg,607,640,591,591
train,60,50,speed-limit-60,train/images/00003_00031_00017_png_jpg.rf.4b65e7937d21b146cdbe96166c108a56.jpg,train/labels/00003_00031_00017_png_jpg.rf.4b65e7937d21b146cdbe96166c108a56.txt,crops/train/60/00003_00031_00017_png_jpg.rf.4b65e7937d21b146cdbe96166c108a56__box0.jpg,608,640,630,630
train,60,50,speed-limit-60,train/images/00003_00031_00023_png_jpg.rf.dbdcd0c51bdf665803f4b734a6dc3583.jpg,train/labels/00003_00031_00023_png_jpg.rf.dbdcd0c51bdf665803f4b734a6dc3583.txt,crops/train/60/00003_00031_00023_png_jpg.rf.dbdcd0c51bdf665803f4b734a6dc3583__box0.jpg,595,640,625,625
train,60,50,speed-limit-60,train/images/00003_00031_00024_png_jpg.rf.a5f9845b3c9c422df70070ab3006e112.jpg,train/labels/00003_00031_00024_png_jpg.rf.a5f9845b3c9c422df70070ab3006e112.txt,crops/train/60/00003_00031_00024_png_jpg.rf.a5f9845b3c9c422df70070ab3006e112__box0.jpg,608,640,640,640
train,60,50,speed-limit-60,train/images/00003_00031_00025_png_jpg.rf.17cce695f23968671bde587ce7e60dbc.jpg,train/labels/00003_00031_00025_png_jpg.rf.17cce695f23968671bde587ce7e60dbc.txt,crops/train/60/00003_00031_00025_png_jpg.rf.17cce695f23968671bde587ce7e60dbc__box0.jpg,610,640,640,640
train,60,50,speed-limit-60,train/images/00003_00031_00026_png_jpg.rf.3b74bedba597fb0719f19af735946b38.jpg,train/labels/00003_00031_00026_png_jpg.rf.3b74bedba597fb0719f19af735946b38.txt,crops/train/60/00003_00031_00026_png_jpg.rf.3b74bedba597fb0719f19af735946b38__box0.jpg,613,640,640,640
train,60,50,speed-limit-60,train/images/00003_00031_00027_png_jpg.rf.2c11e1aa0c7fbbd2a51211d935b2c7c0.jpg,train/labels/00003_00031_00027_png_jpg.rf.2c11e1aa0c7fbbd2a51211d935b2c7c0.txt,crops/train/60/00003_00031_00027_png_jpg.rf.2c11e1aa0c7fbbd2a51211d935b2c7c0__box0.jpg,577,640,640,640
train,60,50,speed-limit-60,train/images/00003_00031_00028_png_jpg.rf.396d1ebbdfec79c3e045191bd4b15774.jpg,train/labels/00003_00031_00028_png_jpg.rf.396d1ebbdfec79c3e045191bd4b15774.txt,crops/train/60/00003_00031_00028_png_jpg.rf.396d1ebbdfec79c3e045191bd4b15774__box0.jpg,572,640,640,640
train,60,50,speed-limit-60,train/images/00003_00031_00029_png_jpg.rf.169294c7c4a594eb62bc6de982140f2d.jpg,train/labels/00003_00031_00029_png_jpg.rf.169294c7c4a594eb62bc6de982140f2d.txt,crops/train/60/00003_00031_00029_png_jpg.rf.169294c7c4a594eb62bc6de982140f2d__box0.jpg,562,640,635,635
train,60,50,speed-limit-60,train/images/00003_00032_00028_png_jpg.rf.1f70cc5e95683db86e5362291fd8dde0.jpg,train/labels/00003_00032_00028_png_jpg.rf.1f70cc5e95683db86e5362291fd8dde0.txt,crops/train/60/00003_00032_00028_png_jpg.rf.1f70cc5e95683db86e5362291fd8dde0__box0.jpg,561,640,630,630
train,60,50,speed-limit-60,train/images/00003_00032_00029_png_jpg.rf.10c1e334f27f60d477f2eb021b06bfb2.jpg,train/labels/00003_00032_00029_png_jpg.rf.10c1e334f27f60d477f2eb021b06bfb2.txt,crops/train/60/00003_00032_00029_png_jpg.rf.10c1e334f27f60d477f2eb021b06bfb2__box0.jpg,563,640,640,640
train,60,50,speed-limit-60,train/images/00003_00036_00024_png_jpg.rf.a03c2371b549b3798ee865fc52199606.jpg,train/labels/00003_00036_00024_png_jpg.rf.a03c2371b549b3798ee865fc52199606.txt,crops/train/60/00003_00036_00024_png_jpg.rf.a03c2371b549b3798ee865fc52199606__box0.jpg,640,618,639,639
train,60,50,speed-limit-60,train/images/00003_00036_00025_png_jpg.rf.ac1b0ff6897f8091192bca64deb59220.jpg,train/labels/00003_00036_00025_png_jpg.rf.ac1b0ff6897f8091192bca64deb59220.txt,crops/train/60/00003_00036_00025_png_jpg.rf.ac1b0ff6897f8091192bca64deb59220__box0.jpg,640,620,628,628
train,60,50,speed-limit-60,train/images/00003_00036_00026_png_jpg.rf.78231485ad0ce223e4bd2bd44f3f44f4.jpg,train/labels/00003_00036_00026_png_jpg.rf.78231485ad0ce223e4bd2bd44f3f44f4.txt,crops/train/60/00003_00036_00026_png_jpg.rf.78231485ad0ce223e4bd2bd44f3f44f4__box0.jpg,630,640,630,630
train,60,50,speed-limit-60,train/images/00003_00037_00006_png_jpg.rf.7218193059e986c5733185020593d28e.jpg,train/labels/00003_00037_00006_png_jpg.rf.7218193059e986c5733185020593d28e.txt,crops/train/60/00003_00037_00006_png_jpg.rf.7218193059e986c5733185020593d28e__box0.jpg,580,640,422,422
train,60,50,speed-limit-60,train/images/00003_00037_00007_png_jpg.rf.2cf5852b26110e1dedfb78b1f9d9e739.jpg,train/labels/00003_00037_00007_png_jpg.rf.2cf5852b26110e1dedfb78b1f9d9e739.txt,crops/train/60/00003_00037_00007_png_jpg.rf.2cf5852b26110e1dedfb78b1f9d9e739__box0.jpg,640,640,478,478
train,60,50,speed-limit-60,train/images/00003_00037_00008_png_jpg.rf.1f3e93fc33b60124f637a2df11c3f4ce.jpg,train/labels/00003_00037_00008_png_jpg.rf.1f3e93fc33b60124f637a2df11c3f4ce.txt,crops/train/60/00003_00037_00008_png_jpg.rf.1f3e93fc33b60124f637a2df11c3f4ce__box0.jpg,598,640,488,488
train,60,50,speed-limit-60,train/images/00003_00037_00018_png_jpg.rf.a4310280ca7f301e5181a35a0b1f2540.jpg,train/labels/00003_00037_00018_png_jpg.rf.a4310280ca7f301e5181a35a0b1f2540.txt,crops/train/60/00003_00037_00018_png_jpg.rf.a4310280ca7f301e5181a35a0b1f2540__box0.jpg,612,640,570,570
train,60,50,speed-limit-60,train/images/00003_00037_00019_png_jpg.rf.5298b2be1fca43d1c84f6f7767f2ff8c.jpg,train/labels/00003_00037_00019_png_jpg.rf.5298b2be1fca43d1c84f6f7767f2ff8c.txt,crops/train/60/00003_00037_00019_png_jpg.rf.5298b2be1fca43d1c84f6f7767f2ff8c__box0.jpg,640,640,563,563
train,60,50,speed-limit-60,train/images/00003_00037_00020_png_jpg.rf.a4d535c2090159a7daf32bb60c4b915e.jpg,train/labels/00003_00037_00020_png_jpg.rf.a4d535c2090159a7daf32bb60c4b915e.txt,crops/train/60/00003_00037_00020_png_jpg.rf.a4d535c2090159a7daf32bb60c4b915e__box0.jpg,640,640,626,626
train,60,50,speed-limit-60,train/images/00003_00038_00000_png_jpg.rf.d6d08849af16b0681b3ddc18b448f612.jpg,train/labels/00003_00038_00000_png_jpg.rf.d6d08849af16b0681b3ddc18b448f612.txt,crops/train/60/00003_00038_00000_png_jpg.rf.d6d08849af16b0681b3ddc18b448f612__box0.jpg,617,640,426,426
train,60,50,speed-limit-60,train/images/00003_00038_00001_png_jpg.rf.eeb13b0c649df99f20b39dbd68147250.jpg,train/labels/00003_00038_00001_png_jpg.rf.eeb13b0c649df99f20b39dbd68147250.txt,crops/train/60/00003_00038_00001_png_jpg.rf.eeb13b0c649df99f20b39dbd68147250__box0.jpg,594,640,455,455
train,60,50,speed-limit-60,train/images/00003_00038_00002_png_jpg.rf.e759e80808be08570fe40cffce589d54.jpg,train/labels/00003_00038_00002_png_jpg.rf.e759e80808be08570fe40cffce589d54.txt,crops/train/60/00003_00038_00002_png_jpg.rf.e759e80808be08570fe40cffce589d54__box0.jpg,640,640,471,471
train,60,50,speed-limit-60,train/images/00003_00038_00026_png_jpg.rf.2db3950c89544dfda41c37228c61b8a7.jpg,train/labels/00003_00038_00026_png_jpg.rf.2db3950c89544dfda41c37228c61b8a7.txt,crops/train/60/00003_00038_00026_png_jpg.rf.2db3950c89544dfda41c37228c61b8a7__box0.jpg,640,640,640,640
train,60,50,speed-limit-60,train/images/00003_00044_00028_png_jpg.rf.7bff98b7ffc346f8e601aeb96753979e.jpg,train/labels/00003_00044_00028_png_jpg.rf.7bff98b7ffc346f8e601aeb96753979e.txt,crops/train/60/00003_00044_00028_png_jpg.rf.7bff98b7ffc346f8e601aeb96753979e__box0.jpg,640,626,640,640
train,80,51,speed-limit-80,train/images/00005_00000_00012_png_jpg.rf.f57f2246ad954a813f5ef54b11e1c657.jpg,train/labels/00005_00000_00012_png_jpg.rf.f57f2246ad954a813f5ef54b11e1c657.txt,crops/train/80/00005_00000_00012_png_jpg.rf.f57f2246ad954a813f5ef54b11e1c657__box0.jpg,592,640,536,536
train,80,51,speed-limit-80,train/images/00005_00000_00013_png_jpg.rf.5a88835fd427ccf3926772ca3a2be1ab.jpg,train/labels/00005_00000_00013_png_jpg.rf.5a88835fd427ccf3926772ca3a2be1ab.txt,crops/train/80/00005_00000_00013_png_jpg.rf.5a88835fd427ccf3926772ca3a2be1ab__box0.jpg,608,640,536,536
train,80,51,speed-limit-80,train/images/00005_00000_00014_png_jpg.rf.8b5648713bd79b02d6aa0fee7422c7f9.jpg,train/labels/00005_00000_00014_png_jpg.rf.8b5648713bd79b02d6aa0fee7422c7f9.txt,crops/train/80/00005_00000_00014_png_jpg.rf.8b5648713bd79b02d6aa0fee7422c7f9__box0.jpg,608,640,505,505
train,80,51,speed-limit-80,train/images/00005_00000_00015_png_jpg.rf.2b7801899cdb5cb293e711d2cc43a5cf.jpg,train/labels/00005_00000_00015_png_jpg.rf.2b7801899cdb5cb293e711d2cc43a5cf.txt,crops/train/80/00005_00000_00015_png_jpg.rf.2b7801899cdb5cb293e711d2cc43a5cf__box0.jpg,624,640,568,568
train,80,51,speed-limit-80,train/images/00005_00000_00016_png_jpg.rf.90b6047cef3cfed077ad103a0ec77d69.jpg,train/labels/00005_00000_00016_png_jpg.rf.90b6047cef3cfed077ad103a0ec77d69.txt,crops/train/80/00005_00000_00016_png_jpg.rf.90b6047cef3cfed077ad103a0ec77d69__box0.jpg,624,640,586,586
train,80,51,speed-limit-80,train/images/00005_00000_00017_png_jpg.rf.10104c43d4eb86d1372024ea22aafdf2.jpg,train/labels/00005_00000_00017_png_jpg.rf.10104c43d4eb86d1372024ea22aafdf2.txt,crops/train/80/00005_00000_00017_png_jpg.rf.10104c43d4eb86d1372024ea22aafdf2__box0.jpg,597,640,584,584
train,80,51,speed-limit-80,train/images/00005_00000_00024_png_jpg.rf.39d4c21e38058e8e6410ebd2d68f6e18.jpg,train/labels/00005_00000_00024_png_jpg.rf.39d4c21e38058e8e6410ebd2d68f6e18.txt,crops/train/80/00005_00000_00024_png_jpg.rf.39d4c21e38058e8e6410ebd2d68f6e18__box0.jpg,629,640,632,632
train,80,51,speed-limit-80,train/images/00005_00000_00025_png_jpg.rf.cde49ac108e6ae20879de2749c9f0f8f.jpg,train/labels/00005_00000_00025_png_jpg.rf.cde49ac108e6ae20879de2749c9f0f8f.txt,crops/train/80/00005_00000_00025_png_jpg.rf.cde49ac108e6ae20879de2749c9f0f8f__box0.jpg,640,640,640,640
train,80,51,speed-limit-80,train/images/00005_00000_00026_png_jpg.rf.911a514d1162a4b4fc9ceb6832227b3e.jpg,train/labels/00005_00000_00026_png_jpg.rf.911a514d1162a4b4fc9ceb6832227b3e.txt,crops/train/80/00005_00000_00026_png_jpg.rf.911a514d1162a4b4fc9ceb6832227b3e__box0.jpg,630,640,638,638
train,80,51,speed-limit-80,train/images/00005_00000_00027_png_jpg.rf.ad58c93d35f96520c98c0ebd9f0015db.jpg,train/labels/00005_00000_00027_png_jpg.rf.ad58c93d35f96520c98c0ebd9f0015db.txt,crops/train/80/00005_00000_00027_png_jpg.rf.ad58c93d35f96520c98c0ebd9f0015db__box0.jpg,614,640,636,636
train,80,51,speed-limit-80,train/images/00005_00000_00028_png_jpg.rf.259b7bf8838e6161903d3a8c8c144ae2.jpg,train/labels/00005_00000_00028_png_jpg.rf.259b7bf8838e6161903d3a8c8c144ae2.txt,crops/train/80/00005_00000_00028_png_jpg.rf.259b7bf8838e6161903d3a8c8c144ae2__box0.jpg,609,640,631,631
train,80,51,speed-limit-80,train/images/00005_00000_00029_png_jpg.rf.7b1491a4c52954f13cb02434181820c1.jpg,train/labels/00005_00000_00029_png_jpg.rf.7b1491a4c52954f13cb02434181820c1.txt,crops/train/80/00005_00000_00029_png_jpg.rf.7b1491a4c52954f13cb02434181820c1__box0.jpg,610,640,640,640
train,80,51,speed-limit-80,train/images/00005_00001_00006_png_jpg.rf.6d11a976e7c06df99c03f33e225af684.jpg,train/labels/00005_00001_00006_png_jpg.rf.6d11a976e7c06df99c03f33e225af684.txt,crops/train/80/00005_00001_00006_png_jpg.rf.6d11a976e7c06df99c03f33e225af684__box0.jpg,640,640,521,521
train,80,51,speed-limit-80,train/images/00005_00001_00007_png_jpg.rf.d3ce42b7e1ff29d58bc6d3e811e360de.jpg,train/labels/00005_00001_00007_png_jpg.rf.d3ce42b7e1ff29d58bc6d3e811e360de.txt,crops/train/80/00005_00001_00007_png_jpg.rf.d3ce42b7e1ff29d58bc6d3e811e360de__box0.jpg,640,640,548,548
train,80,51,speed-limit-80,train/images/00005_00001_00008_png_jpg.rf.0b4eb86eff9e832d2b2ce0b340fd3950.jpg,train/labels/00005_00001_00008_png_jpg.rf.0b4eb86eff9e832d2b2ce0b340fd3950.txt,crops/train/80/00005_00001_00008_png_jpg.rf.0b4eb86eff9e832d2b2ce0b340fd3950__box0.jpg,617,640,574,574
train,80,51,speed-limit-80,train/images/00005_00001_00009_png_jpg.rf.af0907230b5a1a4fd789097c557f4e82.jpg,train/labels/00005_00001_00009_png_jpg.rf.af0907230b5a1a4fd789097c557f4e82.txt,crops/train/80/00005_00001_00009_png_jpg.rf.af0907230b5a1a4fd789097c557f4e82__box0.jpg,640,640,530,530
train,80,51,speed-limit-80,train/images/00005_00001_00010_png_jpg.rf.aaee9b4f088958e5828445bd08cade8a.jpg,train/labels/00005_00001_00010_png_jpg.rf.aaee9b4f088958e5828445bd08cade8a.txt,crops/train/80/00005_00001_00010_png_jpg.rf.aaee9b4f088958e5828445bd08cade8a__box0.jpg,619,640,564,564
train,80,51,speed-limit-80,train/images/00005_00001_00011_png_jpg.rf.70985cd230e8c24a43426395abaee0bc.jpg,train/labels/00005_00001_00011_png_jpg.rf.70985cd230e8c24a43426395abaee0bc.txt,crops/train/80/00005_00001_00011_png_jpg.rf.70985cd230e8c24a43426395abaee0bc__box0.jpg,600,640,546,546
train,80,51,speed-limit-80,train/images/00005_00001_00018_png_jpg.rf.b811f26f0fcce7baef970f3e28b21d97.jpg,train/labels/00005_00001_00018_png_jpg.rf.b811f26f0fcce7baef970f3e28b21d97.txt,crops/train/80/00005_00001_00018_png_jpg.rf.b811f26f0fcce7baef970f3e28b21d97__box0.jpg,640,622,558,558
train,80,51,speed-limit-80,train/images/00005_00001_00019_png_jpg.rf.7025f39c91dbe4d48df19621cd99ada2.jpg,train/labels/00005_00001_00019_png_jpg.rf.7025f39c91dbe4d48df19621cd99ada2.txt,crops/train/80/00005_00001_00019_png_jpg.rf.7025f39c91dbe4d48df19621cd99ada2__box0.jpg,640,640,565,565
train,80,51,speed-limit-80,train/images/00005_00001_00020_png_jpg.rf.fa0228cf0430300f19150667547f0038.jpg,train/labels/00005_00001_00020_png_jpg.rf.fa0228cf0430300f19150667547f0038.txt,crops/train/80/00005_00001_00020_png_jpg.rf.fa0228cf0430300f19150667547f0038__box0.jpg,640,607,571,571
train,80,51,speed-limit-80,train/images/00005_00001_00021_png_jpg.rf.cd2eced7f86ab56e1d9cd39aa085e393.jpg,train/labels/00005_00001_00021_png_jpg.rf.cd2eced7f86ab56e1d9cd39aa085e393.txt,crops/train/80/00005_00001_00021_png_jpg.rf.cd2eced7f86ab56e1d9cd39aa085e393__box0.jpg,640,623,591,591
train,80,51,speed-limit-80,train/images/00005_00001_00022_png_jpg.rf.e592cf234299c519c7f1309b7cbcb04a.jpg,train/labels/00005_00001_00022_png_jpg.rf.e592cf234299c519c7f1309b7cbcb04a.txt,crops/train/80/00005_00001_00022_png_jpg.rf.e592cf234299c519c7f1309b7cbcb04a__box0.jpg,640,624,536,536
train,80,51,speed-limit-80,train/images/00005_00001_00023_png_jpg.rf.6809ba8ed8dcb677e76d64ecaf11c0f7.jpg,train/labels/00005_00001_00023_png_jpg.rf.6809ba8ed8dcb677e76d64ecaf11c0f7.txt,crops/train/80/00005_00001_00023_png_jpg.rf.6809ba8ed8dcb677e76d64ecaf11c0f7__box0.jpg,640,640,591,591
train,80,51,speed-limit-80,train/images/00005_00032_00011_png_jpg.rf.5b954580e179fc2ceb61f807d1c14cec.jpg,train/labels/00005_00032_00011_png_jpg.rf.5b954580e179fc2ceb61f807d1c14cec.txt,crops/train/80/00005_00032_00011_png_jpg.rf.5b954580e179fc2ceb61f807d1c14cec__box0.jpg,620,640,566,566
train,80,51,speed-limit-80,train/images/00005_00032_00019_png_jpg.rf.64ba1a336cff8de55673fce3c46c2ea1.jpg,train/labels/00005_00032_00019_png_jpg.rf.64ba1a336cff8de55673fce3c46c2ea1.txt,crops/train/80/00005_00032_00019_png_jpg.rf.64ba1a336cff8de55673fce3c46c2ea1__box0.jpg,640,640,594,594
train,80,51,speed-limit-80,train/images/00005_00032_00020_png_jpg.rf.0fab98c4d7f4763935a9a6a06e1701a8.jpg,train/labels/00005_00032_00020_png_jpg.rf.0fab98c4d7f4763935a9a6a06e1701a8.txt,crops/train/80/00005_00032_00020_png_jpg.rf.0fab98c4d7f4763935a9a6a06e1701a8__box0.jpg,624,640,587,587
train,80,51,speed-limit-80,train/images/00005_00032_00021_png_jpg.rf.ed70197be847dabdacf38205c1bd4a32.jpg,train/labels/00005_00032_00021_png_jpg.rf.ed70197be847dabdacf38205c1bd4a32.txt,crops/train/80/00005_00032_00021_png_jpg.rf.ed70197be847dabdacf38205c1bd4a32__box0.jpg,610,640,610,610
train,80,51,speed-limit-80,train/images/00005_00032_00022_png_jpg.rf.a780670ba38c48b7e22b377b8238edc4.jpg,train/labels/00005_00032_00022_png_jpg.rf.a780670ba38c48b7e22b377b8238edc4.txt,crops/train/80/00005_00032_00022_png_jpg.rf.a780670ba38c48b7e22b377b8238edc4__box0.jpg,625,640,609,609
train,80,51,speed-limit-80,train/images/00005_00032_00023_png_jpg.rf.f1ad7ca777a5091f71da9fa8de4871a1.jpg,train/labels/00005_00032_00023_png_jpg.rf.f1ad7ca777a5091f71da9fa8de4871a1.txt,crops/train/80/00005_00032_00023_png_jpg.rf.f1ad7ca777a5091f71da9fa8de4871a1__box0.jpg,640,640,618,618
train,80,51,speed-limit-80,train/images/00005_00058_00024_png_jpg.rf.96a79c00d1dc8354388f2c9d255bb9af.jpg,train/labels/00005_00058_00024_png_jpg.rf.96a79c00d1dc8354388f2c9d255bb9af.txt,crops/train/80/00005_00058_00024_png_jpg.rf.96a79c00d1dc8354388f2c9d255bb9af__box0.jpg,607,640,620,620
train,80,51,speed-limit-80,train/images/00005_00058_00025_png_jpg.rf.b3e5ff9acd98ba1c6221bd608ddc6a39.jpg,train/labels/00005_00058_00025_png_jpg.rf.b3e5ff9acd98ba1c6221bd608ddc6a39.txt,crops/train/80/00005_00058_00025_png_jpg.rf.b3e5ff9acd98ba1c6221bd608ddc6a39__box0.jpg,610,640,626,626
train,80,51,speed-limit-80,train/images/00005_00058_00026_png_jpg.rf.2e82862bfc1ab59196c735e656fe42ca.jpg,train/labels/00005_00058_00026_png_jpg.rf.2e82862bfc1ab59196c735e656fe42ca.txt,crops/train/80/00005_00058_00026_png_jpg.rf.2e82862bfc1ab59196c735e656fe42ca__box0.jpg,596,640,640,640
train,80,51,speed-limit-80,train/images/00005_00058_00027_png_jpg.rf.e5f556a5e698dad8a54b2ff5a9a78053.jpg,train/labels/00005_00058_00027_png_jpg.rf.e5f556a5e698dad8a54b2ff5a9a78053.txt,crops/train/80/00005_00058_00027_png_jpg.rf.e5f556a5e698dad8a54b2ff5a9a78053__box0.jpg,592,640,640,640
train,80,51,speed-limit-80,train/images/00005_00058_00028_png_jpg.rf.736614fe842f34e9994f47c8f0d4b9c0.jpg,train/labels/00005_00058_00028_png_jpg.rf.736614fe842f34e9994f47c8f0d4b9c0.txt,crops/train/80/00005_00058_00028_png_jpg.rf.736614fe842f34e9994f47c8f0d4b9c0__box0.jpg,574,640,638,638
train,80,51,speed-limit-80,train/images/00005_00059_00006_png_jpg.rf.0bf873423a12bcde8b5b2f242e75f987.jpg,train/labels/00005_00059_00006_png_jpg.rf.0bf873423a12bcde8b5b2f242e75f987.txt,crops/train/80/00005_00059_00006_png_jpg.rf.0bf873423a12bcde8b5b2f242e75f987__box0.jpg,640,598,539,539
train,80,51,speed-limit-80,train/images/00005_00059_00007_png_jpg.rf.49900263ad3f758cceafd6f9a218a3d4.jpg,train/labels/00005_00059_00007_png_jpg.rf.49900263ad3f758cceafd6f9a218a3d4.txt,crops/train/80/00005_00059_00007_png_jpg.rf.49900263ad3f758cceafd6f9a218a3d4__box0.jpg,640,600,546,546
train,80,51,speed-limit-80,train/images/00005_00059_00009_png_jpg.rf.620d2b9495ed8406d3411c573d98805c.jpg,train/labels/00005_00059_00009_png_jpg.rf.620d2b9495ed8406d3411c573d98805c.txt,crops/train/80/00005_00059_00009_png_jpg.rf.620d2b9495ed8406d3411c573d98805c__box0.jpg,640,620,596,596
train,80,51,speed-limit-80,train/images/00005_00059_00010_png_jpg.rf.d3cc42c514f24ed457d4098a47377dd9.jpg,train/labels/00005_00059_00010_png_jpg.rf.d3cc42c514f24ed457d4098a47377dd9.txt,crops/train/80/00005_00059_00010_png_jpg.rf.d3cc42c514f24ed457d4098a47377dd9__box0.jpg,640,620,578,578
train,80,51,speed-limit-80,train/images/00005_00059_00014_png_jpg.rf.489691dc53906bcb781e15ecef1924a5.jpg,train/labels/00005_00059_00014_png_jpg.rf.489691dc53906bcb781e15ecef1924a5.txt,crops/train/80/00005_00059_00014_png_jpg.rf.489691dc53906bcb781e15ecef1924a5__box0.jpg,640,607,571,571
train,80,51,speed-limit-80,train/images/00005_00059_00018_png_jpg.rf.8bc972ce5295b8b56cfbfc7a96354dd4.jpg,train/labels/00005_00059_00018_png_jpg.rf.8bc972ce5295b8b56cfbfc7a96354dd4.txt,crops/train/80/00005_00059_00018_png_jpg.rf.8bc972ce5295b8b56cfbfc7a96354dd4__box0.jpg,640,625,627,627
train,80,51,speed-limit-80,train/images/00005_00059_00019_png_jpg.rf.4a5535224d9bea6d0d770d941dae3359.jpg,train/labels/00005_00059_00019_png_jpg.rf.4a5535224d9bea6d0d770d941dae3359.txt,crops/train/80/00005_00059_00019_png_jpg.rf.4a5535224d9bea6d0d770d941dae3359__box0.jpg,640,625,618,618
train,80,51,speed-limit-80,train/images/00005_00059_00020_png_jpg.rf.b11789d5d34a54129a3b333cfa91a89a.jpg,train/labels/00005_00059_00020_png_jpg.rf.b11789d5d34a54129a3b333cfa91a89a.txt,crops/train/80/00005_00059_00020_png_jpg.rf.b11789d5d34a54129a3b333cfa91a89a__box0.jpg,640,626,638,638
train,80,51,speed-limit-80,train/images/00005_00059_00021_png_jpg.rf.63724664b5862db3033f8150426b282a.jpg,train/labels/00005_00059_00021_png_jpg.rf.63724664b5862db3033f8150426b282a.txt,crops/train/80/00005_00059_00021_png_jpg.rf.63724664b5862db3033f8150426b282a__box0.jpg,640,627,625,625
train,80,51,speed-limit-80,train/images/00005_00059_00022_png_jpg.rf.1af7afc871552185a3ae251c49ae8a25.jpg,train/labels/00005_00059_00022_png_jpg.rf.1af7afc871552185a3ae251c49ae8a25.txt,crops/train/80/00005_00059_00022_png_jpg.rf.1af7afc871552185a3ae251c49ae8a25__box0.jpg,640,627,623,623
train,80,51,speed-limit-80,train/images/00005_00059_00026_png_jpg.rf.dbf71f822bd48917593b4211db4a8c5f.jpg,train/labels/00005_00059_00026_png_jpg.rf.dbf71f822bd48917593b4211db4a8c5f.txt,crops/train/80/00005_00059_00026_png_jpg.rf.dbf71f822bd48917593b4211db4a8c5f__box0.jpg,640,622,640,640
train,80,51,speed-limit-80,train/images/00005_00059_00027_png_jpg.rf.42fcedf5f19cfe0c4b33df0ae5114136.jpg,train/labels/00005_00059_00027_png_jpg.rf.42fcedf5f19cfe0c4b33df0ae5114136.txt,crops/train/80/00005_00059_00027_png_jpg.rf.42fcedf5f19cfe0c4b33df0ae5114136__box0.jpg,640,632,640,640
train,80,51,speed-limit-80,train/images/00005_00060_00009_png_jpg.rf.3d2b7d36b8d4afac12e90bfa80939229.jpg,train/labels/00005_00060_00009_png_jpg.rf.3d2b7d36b8d4afac12e90bfa80939229.txt,crops/train/80/00005_00060_00009_png_jpg.rf.3d2b7d36b8d4afac12e90bfa80939229__box0.jpg,578,640,538,538
train,80,51,speed-limit-80,train/images/00005_00060_00010_png_jpg.rf.3af03e56ee39953a465f20b909727115.jpg,train/labels/00005_00060_00010_png_jpg.rf.3af03e56ee39953a465f20b909727115.txt,crops/train/80/00005_00060_00010_png_jpg.rf.3af03e56ee39953a465f20b909727115__box0.jpg,578,640,561,561
train,80,51,speed-limit-80,train/images/00005_00060_00011_png_jpg.rf.cf223c27e04a1293dc506f3e91f8a4e8.jpg,train/labels/00005_00060_00011_png_jpg.rf.cf223c27e04a1293dc506f3e91f8a4e8.txt,crops/train/80/00005_00060_00011_png_jpg.rf.cf223c27e04a1293dc506f3e91f8a4e8__box0.jpg,598,640,590,590
train,80,51,speed-limit-80,train/images/00005_00060_00021_png_jpg.rf.fe2b74f25fc6a2b4a8a77156a10592e3.jpg,train/labels/00005_00060_00021_png_jpg.rf.fe2b74f25fc6a2b4a8a77156a10592e3.txt,crops/train/80/00005_00060_00021_png_jpg.rf.fe2b74f25fc6a2b4a8a77156a10592e3__box0.jpg,546,640,543,543
train,80,51,speed-limit-80,train/images/00005_00060_00022_png_jpg.rf.5402b43d7dd57c581c8d7fd4d9f3cb46.jpg,train/labels/00005_00060_00022_png_jpg.rf.5402b43d7dd57c581c8d7fd4d9f3cb46.txt,crops/train/80/00005_00060_00022_png_jpg.rf.5402b43d7dd57c581c8d7fd4d9f3cb46__box0.jpg,548,640,568,568
train,80,51,speed-limit-80,train/images/00005_00060_00023_png_jpg.rf.46d8d259870b182456fec6d4811ef779.jpg,train/labels/00005_00060_00023_png_jpg.rf.46d8d259870b182456fec6d4811ef779.txt,crops/train/80/00005_00060_00023_png_jpg.rf.46d8d259870b182456fec6d4811ef779__box0.jpg,550,640,573,573
train,80,51,speed-limit-80,train/images/00005_00061_00003_png_jpg.rf.f78eedd6c510deb8c6846b39460a527a.jpg,train/labels/00005_00061_00003_png_jpg.rf.f78eedd6c510deb8c6846b39460a527a.txt,crops/train/80/00005_00061_00003_png_jpg.rf.f78eedd6c510deb8c6846b39460a527a__box0.jpg,595,640,466,466
train,80,51,speed-limit-80,train/images/00005_00061_00004_png_jpg.rf.77ad062bbeffaff292afbcdf288ea1d4.jpg,train/labels/00005_00061_00004_png_jpg.rf.77ad062bbeffaff292afbcdf288ea1d4.txt,crops/train/80/00005_00061_00004_png_jpg.rf.77ad062bbeffaff292afbcdf288ea1d4__box0.jpg,640,640,483,483
train,80,51,speed-limit-80,train/images/00005_00061_00005_png_jpg.rf.e7ba5752d0ad1e3704af1cf40b703468.jpg,train/labels/00005_00061_00005_png_jpg.rf.e7ba5752d0ad1e3704af1cf40b703468.txt,crops/train/80/00005_00061_00005_png_jpg.rf.e7ba5752d0ad1e3704af1cf40b703468__box0.jpg,617,640,494,494
train,80,51,speed-limit-80,train/images/00005_00061_00015_png_jpg.rf.4019405861637cfc700d144f2512175a.jpg,train/labels/00005_00061_00015_png_jpg.rf.4019405861637cfc700d144f2512175a.txt,crops/train/80/00005_00061_00015_png_jpg.rf.4019405861637cfc700d144f2512175a__box0.jpg,640,621,588,588
train,80,51,speed-limit-80,train/images/00005_00061_00016_png_jpg.rf.53f247a178ae143a99f337fb10d6c4a4.jpg,train/labels/00005_00061_00016_png_jpg.rf.53f247a178ae143a99f337fb10d6c4a4.txt,crops/train/80/00005_00061_00016_png_jpg.rf.53f247a178ae143a99f337fb10d6c4a4__box0.jpg,640,640,608,608
train,80,51,speed-limit-80,train/images/00005_00061_00017_png_jpg.rf.2006dfbf65752dd1004d7fcef28a661b.jpg,train/labels/00005_00061_00017_png_jpg.rf.2006dfbf65752dd1004d7fcef28a661b.txt,crops/train/80/00005_00061_00017_png_jpg.rf.2006dfbf65752dd1004d7fcef28a661b__box0.jpg,622,640,622,622
train,5,48,speed-limit-5,train/images/000_0001_png.rf.ca53f5c244c6ca60d56e868f77a1cce2.jpg,train/labels/000_0001_png.rf.ca53f5c244c6ca60d56e868f77a1cce2.txt,crops/train/5/000_0001_png.rf.ca53f5c244c6ca60d56e868f77a1cce2__box0.jpg,640,611,611,611
train,5,48,speed-limit-5,train/images/000_0002_png.rf.51f44ba8d1b599c93bbc7aa822c23db9.jpg,train/labels/000_0002_png.rf.51f44ba8d1b599c93bbc7aa822c23db9.txt,crops/train/5/000_0002_png.rf.51f44ba8d1b599c93bbc7aa822c23db9__box0.jpg,640,585,597,597
train,5,48,speed-limit-5,train/images/000_0003_j_png.rf.5353e081c12a07fe93f95509c9094cc0.jpg,train/labels/000_0003_j_png.rf.5353e081c12a07fe93f95509c9094cc0.txt,crops/train/5/000_0003_j_png.rf.5353e081c12a07fe93f95509c9094cc0__box0.jpg,640,571,441,441
train,5,48,speed-limit-5,train/images/000_0003_png.rf.318205eb1198dc39f8f06380d660d909.jpg,train/labels/000_0003_png.rf.318205eb1198dc39f8f06380d660d909.txt,crops/train/5/000_0003_png.rf.318205eb1198dc39f8f06380d660d909__box0.jpg,640,610,568,568
train,5,48,speed-limit-5,train/images/000_0004_j_png.rf.4a12d2404a109ba63c878c49c7e93bd6.jpg,train/labels/000_0004_j_png.rf.4a12d2404a109ba63c878c49c7e93bd6.txt,crops/train/5/000_0004_j_png.rf.4a12d2404a109ba63c878c49c7e93bd6__box0.jpg,640,604,541,541
train,5,48,speed-limit-5,train/images/000_0004_png.rf.ce7c5efd608d47b5268dcce28cb5e263.jpg,train/labels/000_0004_png.rf.ce7c5efd608d47b5268dcce28cb5e263.txt,crops/train/5/000_0004_png.rf.ce7c5efd608d47b5268dcce28cb5e263__box0.jpg,640,528,528,528
train,5,48,speed-limit-5,train/images/000_0006_j_png.rf.e08a02600fc4809491d098af6b37af56.jpg,train/labels/000_0006_j_png.rf.e08a02600fc4809491d098af6b37af56.txt,crops/train/5/000_0006_j_png.rf.e08a02600fc4809491d098af6b37af56__box0.jpg,640,596,404,404
train,5,48,speed-limit-5,train/images/000_0006_png.rf.77f7dfe252982d73b26bec5135188c4c.jpg,train/labels/000_0006_png.rf.77f7dfe252982d73b26bec5135188c4c.txt,crops/train/5/000_0006_png.rf.77f7dfe252982d73b26bec5135188c4c__box0.jpg,640,561,537,537
train,5,48,speed-limit-5,train/images/000_0008_j_png.rf.22e4b6af44b56f397d58086919d22458.jpg,train/labels/000_0008_j_png.rf.22e4b6af44b56f397d58086919d22458.txt,crops/train/5/000_0008_j_png.rf.22e4b6af44b56f397d58086919d22458__box0.jpg,640,585,482,482
train,5,48,speed-limit-5,train/images/000_0008_png.rf.86c313864b44bce4356202f04db34cfa.jpg,train/labels/000_0008_png.rf.86c313864b44bce4356202f04db34cfa.txt,crops/train/5/000_0008_png.rf.86c313864b44bce4356202f04db34cfa__box0.jpg,639,573,511,511
train,5,48,speed-limit-5,train/images/000_0009_png.rf.b7e3beaacd25dd9395c04e083f2d1218.jpg,train/labels/000_0009_png.rf.b7e3beaacd25dd9395c04e083f2d1218.txt,crops/train/5/000_0009_png.rf.b7e3beaacd25dd9395c04e083f2d1218__box0.jpg,640,529,488,488
train,5,48,speed-limit-5,train/images/000_0010_png.rf.00036272a15cb1ede248890e3888bb05.jpg,train/labels/000_0010_png.rf.00036272a15cb1ede248890e3888bb05.txt,crops/train/5/000_0010_png.rf.00036272a15cb1ede248890e3888bb05__box0.jpg,640,584,529,529
train,5,48,speed-limit-5,train/images/000_0011_png.rf.eb33359a3eaaa2909889f639fa23638c.jpg,train/labels/000_0011_png.rf.eb33359a3eaaa2909889f639fa23638c.txt,crops/train/5/000_0011_png.rf.eb33359a3eaaa2909889f639fa23638c__box0.jpg,640,598,594,594
train,5,48,speed-limit-5,train/images/000_0013_png.rf.fe664cdc9bbca7098eb047a34ce648f1.jpg,train/labels/000_0013_png.rf.fe664cdc9bbca7098eb047a34ce648f1.txt,crops/train/5/000_0013_png.rf.fe664cdc9bbca7098eb047a34ce648f1__box0.jpg,640,514,498,498
train,5,48,speed-limit-5,train/images/000_0014_png.rf.a63b2111f448847d7c021e8d8c97304e.jpg,train/labels/000_0014_png.rf.a63b2111f448847d7c021e8d8c97304e.txt,crops/train/5/000_0014_png.rf.a63b2111f448847d7c021e8d8c97304e__box0.jpg,640,516,499,499
train,5,48,speed-limit-5,train/images/000_0016_png.rf.5a1cf352ae6ad2c836a4c0d0828dc10f.jpg,train/labels/000_0016_png.rf.5a1cf352ae6ad2c836a4c0d0828dc10f.txt,crops/train/5/000_0016_png.rf.5a1cf352ae6ad2c836a4c0d0828dc10f__box0.jpg,640,592,550,550
train,5,48,speed-limit-5,train/images/000_0017_png.rf.5675e928567ba155761a2f4956aa1e7a.jpg,train/labels/000_0017_png.rf.5675e928567ba155761a2f4956aa1e7a.txt,crops/train/5/000_0017_png.rf.5675e928567ba155761a2f4956aa1e7a__box0.jpg,640,600,600,600
train,5,48,speed-limit-5,train/images/000_0019_png.rf.da7397ed8d28a46e376421ec0f4d2963.jpg,train/labels/000_0019_png.rf.da7397ed8d28a46e376421ec0f4d2963.txt,crops/train/5/000_0019_png.rf.da7397ed8d28a46e376421ec0f4d2963__box0.jpg,640,570,570,570
train,5,48,speed-limit-5,train/images/000_0020_png.rf.2dedaac36bab2df6db25dfeb20bbb6f4.jpg,train/labels/000_0020_png.rf.2dedaac36bab2df6db25dfeb20bbb6f4.txt,crops/train/5/000_0020_png.rf.2dedaac36bab2df6db25dfeb20bbb6f4__box0.jpg,640,553,511,511
train,5,48,speed-limit-5,train/images/000_0022_png.rf.51ac807adf806faa79766c60e7fe1e26.jpg,train/labels/000_0022_png.rf.51ac807adf806faa79766c60e7fe1e26.txt,crops/train/5/000_0022_png.rf.51ac807adf806faa79766c60e7fe1e26__box0.jpg,640,559,503,503
train,5,48,speed-limit-5,train/images/000_0023_png.rf.6e787d33cde1dcd700c2d3859997fd35.jpg,train/labels/000_0023_png.rf.6e787d33cde1dcd700c2d3859997fd35.txt,crops/train/5/000_0023_png.rf.6e787d33cde1dcd700c2d3859997fd35__box0.jpg,640,571,502,502
train,5,48,speed-limit-5,train/images/000_0026_png.rf.ae94ebd742802242c3f8ff9fc1a7f5aa.jpg,train/labels/000_0026_png.rf.ae94ebd742802242c3f8ff9fc1a7f5aa.txt,crops/train/5/000_0026_png.rf.ae94ebd742802242c3f8ff9fc1a7f5aa__box0.jpg,640,603,586,586
train,5,48,speed-limit-5,train/images/000_0028_png.rf.b3b208cadcd075f84843c341128dc880.jpg,train/labels/000_0028_png.rf.b3b208cadcd075f84843c341128dc880.txt,crops/train/5/000_0028_png.rf.b3b208cadcd075f84843c341128dc880__box0.jpg,640,554,460,460
train,5,48,speed-limit-5,train/images/000_0030_png.rf.0415bbadfaf5be1f1d8f9cc836bfba93.jpg,train/labels/000_0030_png.rf.0415bbadfaf5be1f1d8f9cc836bfba93.txt,crops/train/5/000_0030_png.rf.0415bbadfaf5be1f1d8f9cc836bfba93__box0.jpg,640,604,534,534
train,5,48,speed-limit-5,train/images/000_0031_png.rf.228c47a2446e279b06adcd4a9f63a0e5.jpg,train/labels/000_0031_png.rf.228c47a2446e279b06adcd4a9f63a0e5.txt,crops/train/5/000_0031_png.rf.228c47a2446e279b06adcd4a9f63a0e5__box0.jpg,640,532,409,409
train,5,48,speed-limit-5,train/images/000_0032_png.rf.b87f354f6c5696505d6d21d4865e1351.jpg,train/labels/000_0032_png.rf.b87f354f6c5696505d6d21d4865e1351.txt,crops/train/5/000_0032_png.rf.b87f354f6c5696505d6d21d4865e1351__box0.jpg,640,512,473,473
train,5,48,speed-limit-5,train/images/000_0034_png.rf.80b139ff8d6787a8774fbf532bfd66fc.jpg,train/labels/000_0034_png.rf.80b139ff8d6787a8774fbf532bfd66fc.txt,crops/train/5/000_0034_png.rf.80b139ff8d6787a8774fbf532bfd66fc__box0.jpg,640,548,462,462
train,5,48,speed-limit-5,train/images/000_0036_png.rf.eae95284987dad6706fc69afd11d9830.jpg,train/labels/000_0036_png.rf.eae95284987dad6706fc69afd11d9830.txt,crops/train/5/000_0036_png.rf.eae95284987dad6706fc69afd11d9830__box0.jpg,608,640,524,524
train,5,48,speed-limit-5,train/images/000_0037_png.rf.6a4f2dba2dbe76bf8398854050715dd5.jpg,train/labels/000_0037_png.rf.6a4f2dba2dbe76bf8398854050715dd5.txt,crops/train/5/000_0037_png.rf.6a4f2dba2dbe76bf8398854050715dd5__box0.jpg,640,592,445,445
train,5,48,speed-limit-5,train/images/000_0038_png.rf.3517c7e908f3cf19ed0c745fafeba4bb.jpg,train/labels/000_0038_png.rf.3517c7e908f3cf19ed0c745fafeba4bb.txt,crops/train/5/000_0038_png.rf.3517c7e908f3cf19ed0c745fafeba4bb__box0.jpg,640,480,381,381
train,5,48,speed-limit-5,train/images/000_0040_png.rf.8751f27e2e06385d404eccb2cd485508.jpg,train/labels/000_0040_png.rf.8751f27e2e06385d404eccb2cd485508.txt,crops/train/5/000_0040_png.rf.8751f27e2e06385d404eccb2cd485508__box0.jpg,640,527,437,437
train,5,48,speed-limit-5,train/images/000_0041_png.rf.0980804c58a8e61f7781b71cbf8b0216.jpg,train/labels/000_0041_png.rf.0980804c58a8e61f7781b71cbf8b0216.txt,crops/train/5/000_0041_png.rf.0980804c58a8e61f7781b71cbf8b0216__box0.jpg,640,518,443,443
train,5,48,speed-limit-5,train/images/000_0042_png.rf.64d4be22ce4dc35c1ecf25c81bbd38bb.jpg,train/labels/000_0042_png.rf.64d4be22ce4dc35c1ecf25c81bbd38bb.txt,crops/train/5/000_0042_png.rf.64d4be22ce4dc35c1ecf25c81bbd38bb__box0.jpg,640,552,485,485
train,5,48,speed-limit-5,train/images/000_0043_png.rf.b7afb542e0d373cd07f2a837b0402af1.jpg,train/labels/000_0043_png.rf.b7afb542e0d373cd07f2a837b0402af1.txt,crops/train/5/000_0043_png.rf.b7afb542e0d373cd07f2a837b0402af1__box0.jpg,640,553,466,466
train,5,48,speed-limit-5,train/images/000_0044_png.rf.a84de09c12e14cf1413ae1320a57cfa7.jpg,train/labels/000_0044_png.rf.a84de09c12e14cf1413ae1320a57cfa7.txt,crops/train/5/000_0044_png.rf.a84de09c12e14cf1413ae1320a57cfa7__box0.jpg,640,586,554,554
train,5,48,speed-limit-5,train/images/000_0045_png.rf.c3824ef5f0c9f207e84f8816194851a1.jpg,train/labels/000_0045_png.rf.c3824ef5f0c9f207e84f8816194851a1.txt,crops/train/5/000_0045_png.rf.c3824ef5f0c9f207e84f8816194851a1__box0.jpg,640,589,600,600
train,5,48,speed-limit-5,train/images/000_0046_png.rf.616f5f0247a7654e105fd354a0f642d6.jpg,train/labels/000_0046_png.rf.616f5f0247a7654e105fd354a0f642d6.txt,crops/train/5/000_0046_png.rf.616f5f0247a7654e105fd354a0f642d6__box0.jpg,640,548,517,517
train,5,48,speed-limit-5,train/images/000_0048_png.rf.b0f0e2e72e584e870888258b3e435f54.jpg,train/labels/000_0048_png.rf.b0f0e2e72e584e870888258b3e435f54.txt,crops/train/5/000_0048_png.rf.b0f0e2e72e584e870888258b3e435f54__box0.jpg,640,572,529,529
train,5,48,speed-limit-5,train/images/000_0056_png.rf.af0a89a7e28c487b97ea6915bd47f539.jpg,train/labels/000_0056_png.rf.af0a89a7e28c487b97ea6915bd47f539.txt,crops/train/5/000_0056_png.rf.af0a89a7e28c487b97ea6915bd47f539__box0.jpg,640,599,410,410
train,5,48,speed-limit-5,train/images/000_1_0002_png.rf.38b6202d7157e395a3dbd38ca2b1e15a.jpg,train/labels/000_1_0002_png.rf.38b6202d7157e395a3dbd38ca2b1e15a.txt,crops/train/5/000_1_0002_png.rf.38b6202d7157e395a3dbd38ca2b1e15a__box0.jpg,640,585,604,604
train,5,48,speed-limit-5,train/images/000_1_0013_png.rf.9fb4f83dccdf09e068faa7b85f78551a.jpg,train/labels/000_1_0013_png.rf.9fb4f83dccdf09e068faa7b85f78551a.txt,crops/train/5/000_1_0013_png.rf.9fb4f83dccdf09e068faa7b85f78551a__box0.jpg,640,514,491,491
train,5,48,speed-limit-5,train/images/000_1_0018_png.rf.648afc7c2a3f42a4627155e912a5729e.jpg,train/labels/000_1_0018_png.rf.648afc7c2a3f42a4627155e912a5729e.txt,crops/train/5/000_1_0018_png.rf.648afc7c2a3f42a4627155e912a5729e__box0.jpg,640,585,585,585
train,5,48,speed-limit-5,train/images/000_1_0034_png.rf.f2c805614578c80be00ad3a191353fcd.jpg,train/labels/000_1_0034_png.rf.f2c805614578c80be00ad3a191353fcd.txt,crops/train/5/000_1_0034_png.rf.f2c805614578c80be00ad3a191353fcd__box0.jpg,640,548,469,469
train,15,45,speed-limit-15,train/images/001_0001_j_png.rf.908d6b72b158bcb885cd234c5199542d.jpg,train/labels/001_0001_j_png.rf.908d6b72b158bcb885cd234c5199542d.txt,crops/train/15/001_0001_j_png.rf.908d6b72b158bcb885cd234c5199542d__box0.jpg,640,621,334,334
train,15,45,speed-limit-15,train/images/001_0001_png.rf.64973d2a8e24b23f50778c54ab438207.jpg,train/labels/001_0001_png.rf.64973d2a8e24b23f50778c54ab438207.txt,crops/train/15/001_0001_png.rf.64973d2a8e24b23f50778c54ab438207__box0.jpg,640,575,370,370
train,15,45,speed-limit-15,train/images/001_0002_j_png.rf.9a4be443ae677f962053530fce7e9c77.jpg,train/labels/001_0002_j_png.rf.9a4be443ae677f962053530fce7e9c77.txt,crops/train/15/001_0002_j_png.rf.9a4be443ae677f962053530fce7e9c77__box0.jpg,640,611,460,460
train,15,45,speed-limit-15,train/images/001_0002_png.rf.a49b57065efd4ebeb057bb5348cd7e6a.jpg,train/labels/001_0002_png.rf.a49b57065efd4ebeb057bb5348cd7e6a.txt,crops/train/15/001_0002_png.rf.a49b57065efd4ebeb057bb5348cd7e6a__box0.jpg,640,615,434,434
train,15,45,speed-limit-15,train/images/001_0003_png.rf.c9ecd304b60bb4c03397d338d57f2957.jpg,train/labels/001_0003_png.rf.c9ecd304b60bb4c03397d338d57f2957.txt,crops/train/15/001_0003_png.rf.c9ecd304b60bb4c03397d338d57f2957__box0.jpg,640,573,403,403
train,15,45,speed-limit-15,train/images/001_0004_j_png.rf.9d29ebd816b7c8cf64032b79ac076892.jpg,train/labels/001_0004_j_png.rf.9d29ebd816b7c8cf64032b79ac076892.txt,crops/train/15/001_0004_j_png.rf.9d29ebd816b7c8cf64032b79ac076892__box0.jpg,640,583,576,576
train,15,45,speed-limit-15,train/images/001_0004_png.rf.c139f25f52211b55d08ae5a3bbc19ddd.jpg,train/labels/001_0004_png.rf.c139f25f52211b55d08ae5a3bbc19ddd.txt,crops/train/15/001_0004_png.rf.c139f25f52211b55d08ae5a3bbc19ddd__box0.jpg,640,533,474,474
train,15,45,speed-limit-15,train/images/001_0005_j_png.rf.5ddeb815338055e7044b6705a8ea0be5.jpg,train/labels/001_0005_j_png.rf.5ddeb815338055e7044b6705a8ea0be5.txt,crops/train/15/001_0005_j_png.rf.5ddeb815338055e7044b6705a8ea0be5__box0.jpg,640,589,412,412
train,15,45,speed-limit-15,train/images/001_0006_j_png.rf.afe2ecf2d4cc0e430d538b833eee0f6c.jpg,train/labels/001_0006_j_png.rf.afe2ecf2d4cc0e430d538b833eee0f6c.txt,crops/train/15/001_0006_j_png.rf.afe2ecf2d4cc0e430d538b833eee0f6c__box0.jpg,640,557,450,450
train,15,45,speed-limit-15,train/images/001_0006_png.rf.0acf196c73a12309825f19d740bc7aad.jpg,train/labels/001_0006_png.rf.0acf196c73a12309825f19d740bc7aad.txt,crops/train/15/001_0006_png.rf.0acf196c73a12309825f19d740bc7aad__box0.jpg,639,565,468,468
train,15,45,speed-limit-15,train/images/001_0007_j_png.rf.16dd7303e04efd4f36a29a0b310f7a79.jpg,train/labels/001_0007_j_png.rf.16dd7303e04efd4f36a29a0b310f7a79.txt,crops/train/15/001_0007_j_png.rf.16dd7303e04efd4f36a29a0b310f7a79__box0.jpg,640,616,541,541
train,15,45,speed-limit-15,train/images/001_0008_png.rf.29c97f0c1400af583dee40f2cdd44200.jpg,train/labels/001_0008_png.rf.29c97f0c1400af583dee40f2cdd44200.txt,crops/train/15/001_0008_png.rf.29c97f0c1400af583dee40f2cdd44200__box0.jpg,634,640,544,544
train,15,45,speed-limit-15,train/images/001_0009_png.rf.21953d222de5f5becec956110b0b4f6a.jpg,train/labels/001_0009_png.rf.21953d222de5f5becec956110b0b4f6a.txt,crops/train/15/001_0009_png.rf.21953d222de5f5becec956110b0b4f6a__box0.jpg,640,605,559,559
train,15,45,speed-limit-15,train/images/001_0010_png.rf.95db2596efce8b46d8630116645f1357.jpg,train/labels/001_0010_png.rf.95db2596efce8b46d8630116645f1357.txt,crops/train/15/001_0010_png.rf.95db2596efce8b46d8630116645f1357__box0.jpg,632,640,496,496
train,15,45,speed-limit-15,train/images/001_0012_png.rf.1ff271e651bfb906cb2b62ee61e964b2.jpg,train/labels/001_0012_png.rf.1ff271e651bfb906cb2b62ee61e964b2.txt,crops/train/15/001_0012_png.rf.1ff271e651bfb906cb2b62ee61e964b2__box0.jpg,640,592,478,478
train,15,45,speed-limit-15,train/images/001_0013_png.rf.13ab32e8335715904ac34308b4d7cf43.jpg,train/labels/001_0013_png.rf.13ab32e8335715904ac34308b4d7cf43.txt,crops/train/15/001_0013_png.rf.13ab32e8335715904ac34308b4d7cf43__box0.jpg,640,609,517,517
train,15,45,speed-limit-15,train/images/001_0014_png.rf.aadf319faa913c66ffe763333c519a4f.jpg,train/labels/001_0014_png.rf.aadf319faa913c66ffe763333c519a4f.txt,crops/train/15/001_0014_png.rf.aadf319faa913c66ffe763333c519a4f__box0.jpg,640,588,490,490
train,15,45,speed-limit-15,train/images/001_0015_png.rf.26f53bf6e04025626a5dd4794dcd5141.jpg,train/labels/001_0015_png.rf.26f53bf6e04025626a5dd4794dcd5141.txt,crops/train/15/001_0015_png.rf.26f53bf6e04025626a5dd4794dcd5141__box0.jpg,640,563,496,496
train,15,45,speed-limit-15,train/images/001_0016_png.rf.3c56311c219a5d750b7b3bae6b815591.jpg,train/labels/001_0016_png.rf.3c56311c219a5d750b7b3bae6b815591.txt,crops/train/15/001_0016_png.rf.3c56311c219a5d750b7b3bae6b815591__box0.jpg,640,640,471,471
train,15,45,speed-limit-15,train/images/001_0017_png.rf.71445cae687b4422301849979fbc60e5.jpg,train/labels/001_0017_png.rf.71445cae687b4422301849979fbc60e5.txt,crops/train/15/001_0017_png.rf.71445cae687b4422301849979fbc60e5__box0.jpg,640,592,471,471
train,15,45,speed-limit-15,train/images/001_1_0009_png.rf.6519a317661dfe7a1341d1d480674d8a.jpg,train/labels/001_1_0009_png.rf.6519a317661dfe7a1341d1d480674d8a.txt,crops/train/15/001_1_0009_png.rf.6519a317661dfe7a1341d1d480674d8a__box0.jpg,640,605,564,564
train,30,46,speed-limit-30,train/images/002_0002_j_png.rf.c7318e2da02362b3b5311e21dd900c8f.jpg,train/labels/002_0002_j_png.rf.c7318e2da02362b3b5311e21dd900c8f.txt,crops/train/30/002_0002_j_png.rf.c7318e2da02362b3b5311e21dd900c8f__box0.jpg,640,599,448,448
train,30,46,speed-limit-30,train/images/002_0008_j_png.rf.6b110e0a1e14785c8ce5f69f2328deb2.jpg,train/labels/002_0008_j_png.rf.6b110e0a1e14785c8ce5f69f2328deb2.txt,crops/train/30/002_0008_j_png.rf.6b110e0a1e14785c8ce5f69f2328deb2__box0.jpg,639,623,515,515
train,30,46,speed-limit-30,train/images/002_0014_png.rf.6a7af0acdd1c8d8014a15ebd303c5170.jpg,train/labels/002_0014_png.rf.6a7af0acdd1c8d8014a15ebd303c5170.txt,crops/train/30/002_0014_png.rf.6a7af0acdd1c8d8014a15ebd303c5170__box0.jpg,640,563,436,436
train,30,46,speed-limit-30,train/images/002_0016_png.rf.3c6b1d4acb4f248a4dc58bb7cf470cf9.jpg,train/labels/002_0016_png.rf.3c6b1d4acb4f248a4dc58bb7cf470cf9.txt,crops/train/30/002_0016_png.rf.3c6b1d4acb4f248a4dc58bb7cf470cf9__box0.jpg,597,640,568,568
train,30,46,speed-limit-30,train/images/002_0019_png.rf.347cf0ee7656deaed6906452494c8620.jpg,train/labels/002_0019_png.rf.347cf0ee7656deaed6906452494c8620.txt,crops/train/30/002_0019_png.rf.347cf0ee7656deaed6906452494c8620__box0.jpg,640,640,592,592
train,30,46,speed-limit-30,train/images/002_0020_png.rf.d9abcd1426c24a07711bc781e6d59f86.jpg,train/labels/002_0020_png.rf.d9abcd1426c24a07711bc781e6d59f86.txt,crops/train/30/002_0020_png.rf.d9abcd1426c24a07711bc781e6d59f86__box0.jpg,640,614,538,538
train,30,46,speed-limit-30,train/images/002_0025_png.rf.8c93d25c850d2697eeefcfe204c05875.jpg,train/labels/002_0025_png.rf.8c93d25c850d2697eeefcfe204c05875.txt,crops/train/30/002_0025_png.rf.8c93d25c850d2697eeefcfe204c05875__box0.jpg,640,617,613,613
train,30,46,speed-limit-30,train/images/002_0036_png.rf.912094296af0fe56642ac20f31d9c546.jpg,train/labels/002_0036_png.rf.912094296af0fe56642ac20f31d9c546.txt,crops/train/30/002_0036_png.rf.912094296af0fe56642ac20f31d9c546__box0.jpg,640,582,584,584
train,30,46,speed-limit-30,train/images/002_1_0010_png.rf.868d242ddc50658cd0a325f1927b1d69.jpg,train/labels/002_1_0010_png.rf.868d242ddc50658cd0a325f1927b1d69.txt,crops/train/30/002_1_0010_png.rf.868d242ddc50658cd0a325f1927b1d69__box0.jpg,640,512,448,448
train,40,47,speed-limit-40,train/images/003_0010_j_png.rf.ba9c0b6288ba95e942c630a52d0b9eb5.jpg,train/labels/003_0010_j_png.rf.ba9c0b6288ba95e942c630a52d0b9eb5.txt,crops/train/40/003_0010_j_png.rf.ba9c0b6288ba95e942c630a52d0b9eb5__box0.jpg,640,578,494,494
train,40,47,speed-limit-40,train/images/003_0012_j_png.rf.299f2d02151fe7021fa290bb6ff8460b.jpg,train/labels/003_0012_j_png.rf.299f2d02151fe7021fa290bb6ff8460b.txt,crops/train/40/003_0012_j_png.rf.299f2d02151fe7021fa290bb6ff8460b__box0.jpg,603,640,449,449
train,40,47,speed-limit-40,train/images/003_0020_j_png.rf.a3f398436a8112a3098d9e8d5c4d5fb4.jpg,train/labels/003_0020_j_png.rf.a3f398436a8112a3098d9e8d5c4d5fb4.txt,crops/train/40/003_0020_j_png.rf.a3f398436a8112a3098d9e8d5c4d5fb4__box0.jpg,640,520,515,515
train,40,47,speed-limit-40,train/images/003_0042_png.rf.18f96d4a854a73b05db16c7f6cc78d6a.jpg,train/labels/003_0042_png.rf.18f96d4a854a73b05db16c7f6cc78d6a.txt,crops/train/40/003_0042_png.rf.18f96d4a854a73b05db16c7f6cc78d6a__box0.jpg,640,574,382,382
train,40,47,speed-limit-40,train/images/003_0042_png.rf.4fa41f6c742f9772cd99045416886af6.jpg,train/labels/003_0042_png.rf.4fa41f6c742f9772cd99045416886af6.txt,crops/train/40/003_0042_png.rf.4fa41f6c742f9772cd99045416886af6__box0.jpg,640,574,384,384
train,40,47,speed-limit-40,train/images/003_1_0034_png.rf.06cdfb36756bbb1bbf2626367f58d130.jpg,train/labels/003_1_0034_png.rf.06cdfb36756bbb1bbf2626367f58d130.txt,crops/train/40/003_1_0034_png.rf.06cdfb36756bbb1bbf2626367f58d130__box0.jpg,640,622,595,595
train,50,49,speed-limit-50,train/images/004_1_0020_png.rf.c85f1793543b72bc7d6b8ee62c2cd539.jpg,train/labels/004_1_0020_png.rf.c85f1793543b72bc7d6b8ee62c2cd539.txt,crops/train/50/004_1_0020_png.rf.c85f1793543b72bc7d6b8ee62c2cd539__box0.jpg,640,616,528,528
train,60,50,speed-limit-60,train/images/005_0030_png.rf.04b0cbcfb7dd1fc52a3463ab5d48d9b7.jpg,train/labels/005_0030_png.rf.04b0cbcfb7dd1fc52a3463ab5d48d9b7.txt,crops/train/60/005_0030_png.rf.04b0cbcfb7dd1fc52a3463ab5d48d9b7__box0.jpg,633,640,616,616
train,60,50,speed-limit-60,train/images/005_0057_png.rf.11dfa20d624adc95f10b8ada0e156e5c.jpg,train/labels/005_0057_png.rf.11dfa20d624adc95f10b8ada0e156e5c.txt,crops/train/60/005_0057_png.rf.11dfa20d624adc95f10b8ada0e156e5c__box0.jpg,640,544,610,610
train,60,50,speed-limit-60,train/images/005_1_0027_png.rf.537a005cef3f57b8ba2200508cdb7baf.jpg,train/labels/005_1_0027_png.rf.537a005cef3f57b8ba2200508cdb7baf.txt,crops/train/60/005_1_0027_png.rf.537a005cef3f57b8ba2200508cdb7baf__box0.jpg,640,595,617,617
train,80,51,speed-limit-80,train/images/007_0006_png.rf.d59f250bdfdf400ca765849f3d3e3a9a.jpg,train/labels/007_0006_png.rf.d59f250bdfdf400ca765849f3d3e3a9a.txt,crops/train/80/007_0006_png.rf.d59f250bdfdf400ca765849f3d3e3a9a__box0.jpg,640,601,556,556
train,80,51,speed-limit-80,train/images/007_0007_png.rf.fe489426bdbe710c4c37ea061796b98b.jpg,train/labels/007_0007_png.rf.fe489426bdbe710c4c37ea061796b98b.txt,crops/train/80/007_0007_png.rf.fe489426bdbe710c4c37ea061796b98b__box0.jpg,640,550,592,592
train,80,51,speed-limit-80,train/images/007_0021_png.rf.82a9614bec7aa2d47734e1c6049a839e.jpg,train/labels/007_0021_png.rf.82a9614bec7aa2d47734e1c6049a839e.txt,crops/train/80/007_0021_png.rf.82a9614bec7aa2d47734e1c6049a839e__box0.jpg,640,612,551,551
train,80,51,speed-limit-80,train/images/007_0023_png.rf.e2b5de0207dd82fcf297c12c8e73ff17.jpg,train/labels/007_0023_png.rf.e2b5de0207dd82fcf297c12c8e73ff17.txt,crops/train/80/007_0023_png.rf.e2b5de0207dd82fcf297c12c8e73ff17__box0.jpg,640,597,580,580
train,80,51,speed-limit-80,train/images/007_0026_j_png.rf.f59e8f097ce3f1241a66ac9b608fffac.jpg,train/labels/007_0026_j_png.rf.f59e8f097ce3f1241a66ac9b608fffac.txt,crops/train/80/007_0026_j_png.rf.f59e8f097ce3f1241a66ac9b608fffac__box0.jpg,640,575,359,359
train,80,51,speed-limit-80,train/images/007_0027_png.rf.8edc5d5cbc4eb06183b8b2444529ebbb.jpg,train/labels/007_0027_png.rf.8edc5d5cbc4eb06183b8b2444529ebbb.txt,crops/train/80/007_0027_png.rf.8edc5d5cbc4eb06183b8b2444529ebbb__box0.jpg,640,570,602,602
train,80,51,speed-limit-80,train/images/007_0055_png.rf.b882a5c34344b051e14cb323fbd3c3dc.jpg,train/labels/007_0055_png.rf.b882a5c34344b051e14cb323fbd3c3dc.txt,crops/train/80/007_0055_png.rf.b882a5c34344b051e14cb323fbd3c3dc__box0.jpg,640,558,621,621
train,50,49,speed-limit-50,train/images/0167_jpg.rf.b5c4233348228903cfb197e053ebc7ec.jpg,train/labels/0167_jpg.rf.b5c4233348228903cfb197e053ebc7ec.txt,crops/train/50/0167_jpg.rf.b5c4233348228903cfb197e053ebc7ec__box0.jpg,640,640,571,571
train,50,49,speed-limit-50,train/images/0169_jpg.rf.915c804cf8e3c4504ed7c71bdaa1f9f4.jpg,train/labels/0169_jpg.rf.915c804cf8e3c4504ed7c71bdaa1f9f4.txt,crops/train/50/0169_jpg.rf.915c804cf8e3c4504ed7c71bdaa1f9f4__box0.jpg,640,640,639,639
train,50,49,speed-limit-50,train/images/0474_jpg.rf.b20aa762a0f936bba1474529581d5b1a.jpg,train/labels/0474_jpg.rf.b20aa762a0f936bba1474529581d5b1a.txt,crops/train/50/0474_jpg.rf.b20aa762a0f936bba1474529581d5b1a__box0.jpg,640,640,637,637
train,50,49,speed-limit-50,train/images/0478_jpg.rf.25f5543cc12a626b817d32e186f879d0.jpg,train/labels/0478_jpg.rf.25f5543cc12a626b817d32e186f879d0.txt,crops/train/50/0478_jpg.rf.25f5543cc12a626b817d32e186f879d0__box0.jpg,640,640,640,640
train,40,47,speed-limit-40,train/images/0781ECD9-238B-4BCB-8A11-96AC59694C54-9495-000007649901FC8D_jpg.rf.fad3a353806333d5c34a3829baeddc39.jpg,train/labels/0781ECD9-238B-4BCB-8A11-96AC59694C54-9495-000007649901FC8D_jpg.rf.fad3a353806333d5c34a3829baeddc39.txt,crops/train/40/0781ECD9-238B-4BCB-8A11-96AC59694C54-9495-000007649901FC8D_jpg.rf.fad3a353806333d5c34a3829baeddc39__box0.jpg,615,640,628,628
train,50,49,speed-limit-50,train/images/103_3_jpg.rf.10257627df41b1efe83b4029e447ac3c.jpg,train/labels/103_3_jpg.rf.10257627df41b1efe83b4029e447ac3c.txt,crops/train/50/103_3_jpg.rf.10257627df41b1efe83b4029e447ac3c__box0.jpg,640,640,640,640
train,30,46,speed-limit-30,train/images/135E5EF4-7FA3-4FDD-B78C-C8870FBBEEC6-9495-000007637FA335F1_jpg.rf.986d91ab87f07795fca5cabc808b1ffd.jpg,train/labels/135E5EF4-7FA3-4FDD-B78C-C8870FBBEEC6-9495-000007637FA335F1_jpg.rf.986d91ab87f07795fca5cabc808b1ffd.txt,crops/train/30/135E5EF4-7FA3-4FDD-B78C-C8870FBBEEC6-9495-000007637FA335F1_jpg.rf.986d91ab87f07795fca5cabc808b1ffd__box0.jpg,475,640,640,640
train,50,49,speed-limit-50,train/images/1685_jpg.rf.e7f6f908dc2bee07271857e68a69df05.jpg,train/labels/1685_jpg.rf.e7f6f908dc2bee07271857e68a69df05.txt,crops/train/50/1685_jpg.rf.e7f6f908dc2bee07271857e68a69df05__box0.jpg,640,640,640,640
train,50,49,speed-limit-50,train/images/2180_jpg.rf.baa4c8e4be201a68dfe0b9a359ce8fad.jpg,train/labels/2180_jpg.rf.baa4c8e4be201a68dfe0b9a359ce8fad.txt,crops/train/50/2180_jpg.rf.baa4c8e4be201a68dfe0b9a359ce8fad__box0.jpg,640,640,640,640
train,50,49,speed-limit-50,train/images/271035052_jpg.rf.8f50b5e2586df82d1e05a2d5c9a4decd.jpg,train/labels/271035052_jpg.rf.8f50b5e2586df82d1e05a2d5c9a4decd.txt,crops/train/50/271035052_jpg.rf.8f50b5e2586df82d1e05a2d5c9a4decd__box0.jpg,640,477,154,154
train,30,46,speed-limit-30,train/images/69_1_jpg.rf.e3ffe1bb4374694212c5df777ea7aa12.jpg,train/labels/69_1_jpg.rf.e3ffe1bb4374694212c5df777ea7aa12.txt,crops/train/30/69_1_jpg.rf.e3ffe1bb4374694212c5df777ea7aa12__box0.jpg,640,640,640,640
train,60,50,speed-limit-60,train/images/93_2_jpg.rf.64dc9a6bab1af81628e234d97a28cbca.jpg,train/labels/93_2_jpg.rf.64dc9a6bab1af81628e234d97a28cbca.txt,crops/train/60/93_2_jpg.rf.64dc9a6bab1af81628e234d97a28cbca__box0.jpg,640,640,640,640
train,30,46,speed-limit-30,train/images/9FBC4A03-C0DE-45ED-8616-DDA2D1580F38-9495-000007639FAC0E5F_jpg.rf.88d64fb1545857fdf2fcad0a24247170.jpg,train/labels/9FBC4A03-C0DE-45ED-8616-DDA2D1580F38-9495-000007639FAC0E5F_jpg.rf.88d64fb1545857fdf2fcad0a24247170.txt,crops/train/30/9FBC4A03-C0DE-45ED-8616-DDA2D1580F38-9495-000007639FAC0E5F_jpg.rf.88d64fb1545857fdf2fcad0a24247170__box0.jpg,588,640,609,609
train,40,47,speed-limit-40,train/images/CFB692F9-2451-48A7-AAD2-94B857A02BD4-9495-00000763E0611C0B_jpg.rf.dc7e6f9d43f6a5c2017c96c3231e6207.jpg,train/labels/CFB692F9-2451-48A7-AAD2-94B857A02BD4-9495-00000763E0611C0B_jpg.rf.dc7e6f9d43f6a5c2017c96c3231e6207.txt,crops/train/40/CFB692F9-2451-48A7-AAD2-94B857A02BD4-9495-00000763E0611C0B_jpg.rf.dc7e6f9d43f6a5c2017c96c3231e6207__box0.jpg,640,633,640,640
train,40,47,speed-limit-40,train/images/D124FD8C-C293-4BD4-9DF3-D7B628137FC7-9495-000007621DFF684D_jpg.rf.e8dfc1d785e006aeac2ff098a4b00efd.jpg,train/labels/D124FD8C-C293-4BD4-9DF3-D7B628137FC7-9495-000007621DFF684D_jpg.rf.e8dfc1d785e006aeac2ff098a4b00efd.txt,crops/train/40/D124FD8C-C293-4BD4-9DF3-D7B628137FC7-9495-000007621DFF684D_jpg.rf.e8dfc1d785e006aeac2ff098a4b00efd__box0.jpg,640,601,640,640
train,50,49,speed-limit-50,train/images/IMG_2610_jpg.rf.7fb92677482715fb17dbbb9e0514a2b1.jpg,train/labels/IMG_2610_jpg.rf.7fb92677482715fb17dbbb9e0514a2b1.txt,crops/train/50/IMG_2610_jpg.rf.7fb92677482715fb17dbbb9e0514a2b1__box0.jpg,565,640,640,640
train,60,50,speed-limit-60,train/images/IMG_2643_jpg.rf.d7cf5c8a9b6a9cae32adffdc95f6a66c.jpg,train/labels/IMG_2643_jpg.rf.d7cf5c8a9b6a9cae32adffdc95f6a66c.txt,crops/train/60/IMG_2643_jpg.rf.d7cf5c8a9b6a9cae32adffdc95f6a66c__box0.jpg,575,640,508,508
train,40,47,speed-limit-40,train/images/IMG_3426_jpg.rf.4a01e981de40c9738561e3544542a11a.jpg,train/labels/IMG_3426_jpg.rf.4a01e981de40c9738561e3544542a11a.txt,crops/train/40/IMG_3426_jpg.rf.4a01e981de40c9738561e3544542a11a__box0.jpg,562,640,515,515
train,40,47,speed-limit-40,train/images/IMG_3427_jpg.rf.f6a5814faa26bdd7d24aa94d93f0d544.jpg,train/labels/IMG_3427_jpg.rf.f6a5814faa26bdd7d24aa94d93f0d544.txt,crops/train/40/IMG_3427_jpg.rf.f6a5814faa26bdd7d24aa94d93f0d544__box0.jpg,640,609,613,613
train,40,47,speed-limit-40,train/images/IMG_3429_jpg.rf.7b463c707d9d2305b835cf48f570b450.jpg,train/labels/IMG_3429_jpg.rf.7b463c707d9d2305b835cf48f570b450.txt,crops/train/40/IMG_3429_jpg.rf.7b463c707d9d2305b835cf48f570b450__box0.jpg,618,640,640,640
train,40,47,speed-limit-40,train/images/IMG_3430_jpg.rf.a45935f9671d62d9ef4b377824cd08e9.jpg,train/labels/IMG_3430_jpg.rf.a45935f9671d62d9ef4b377824cd08e9.txt,crops/train/40/IMG_3430_jpg.rf.a45935f9671d62d9ef4b377824cd08e9__box0.jpg,527,640,611,611
train,40,47,speed-limit-40,train/images/IMG_3473_jpg.rf.31bcb1267a8c26f078f09a7ed4702cfe.jpg,train/labels/IMG_3473_jpg.rf.31bcb1267a8c26f078f09a7ed4702cfe.txt,crops/train/40/IMG_3473_jpg.rf.31bcb1267a8c26f078f09a7ed4702cfe__box0.jpg,598,639,464,464
train,40,47,speed-limit-40,train/images/IMG_3474_jpg.rf.5b7d76cd8da8b462bda7959a72b057e6.jpg,train/labels/IMG_3474_jpg.rf.5b7d76cd8da8b462bda7959a72b057e6.txt,crops/train/40/IMG_3474_jpg.rf.5b7d76cd8da8b462bda7959a72b057e6__box0.jpg,561,640,523,523
train,40,47,speed-limit-40,train/images/IMG_3475_jpg.rf.49482a681a34b910ae0b85f1c131f1a4.jpg,train/labels/IMG_3475_jpg.rf.49482a681a34b910ae0b85f1c131f1a4.txt,crops/train/40/IMG_3475_jpg.rf.49482a681a34b910ae0b85f1c131f1a4__box0.jpg,570,640,597,597
train,40,47,speed-limit-40,train/images/IMG_3484_jpg.rf.c49b6cffcecad79e6fcbac1ff4733fe3.jpg,train/labels/IMG_3484_jpg.rf.c49b6cffcecad79e6fcbac1ff4733fe3.txt,crops/train/40/IMG_3484_jpg.rf.c49b6cffcecad79e6fcbac1ff4733fe3__box0.jpg,599,640,587,587
train,40,47,speed-limit-40,train/images/IMG_3510_jpg.rf.d93d80eed92bca007fe31a410328fa4f.jpg,train/labels/IMG_3510_jpg.rf.d93d80eed92bca007fe31a410328fa4f.txt,crops/train/40/IMG_3510_jpg.rf.d93d80eed92bca007fe31a410328fa4f__box0.jpg,616,640,549,549
train,40,47,speed-limit-40,train/images/IMG_3511_jpg.rf.7666abbc6ceb9e2ae0b456f27340b2ed.jpg,train/labels/IMG_3511_jpg.rf.7666abbc6ceb9e2ae0b456f27340b2ed.txt,crops/train/40/IMG_3511_jpg.rf.7666abbc6ceb9e2ae0b456f27340b2ed__box0.jpg,640,603,640,640
train,40,47,speed-limit-40,train/images/IMG_3512_jpg.rf.e7b099637a4c297bfbf2800372425dbf.jpg,train/labels/IMG_3512_jpg.rf.e7b099637a4c297bfbf2800372425dbf.txt,crops/train/40/IMG_3512_jpg.rf.e7b099637a4c297bfbf2800372425dbf__box0.jpg,640,631,617,617
train,40,47,speed-limit-40,train/images/IMG_3513_jpg.rf.735de4843bbf986ff4bb445bbf7d76c7.jpg,train/labels/IMG_3513_jpg.rf.735de4843bbf986ff4bb445bbf7d76c7.txt,crops/train/40/IMG_3513_jpg.rf.735de4843bbf986ff4bb445bbf7d76c7__box0.jpg,611,640,571,571
train,40,47,speed-limit-40,train/images/IMG_3514_jpg.rf.4a882a763c7d86c44aafbb1f66ba66a9.jpg,train/labels/IMG_3514_jpg.rf.4a882a763c7d86c44aafbb1f66ba66a9.txt,crops/train/40/IMG_3514_jpg.rf.4a882a763c7d86c44aafbb1f66ba66a9__box0.jpg,590,640,594,594
train,40,47,speed-limit-40,train/images/IMG_3515_jpg.rf.2c705011d1dbad4ca20f2a3007ab5e4b.jpg,train/labels/IMG_3515_jpg.rf.2c705011d1dbad4ca20f2a3007ab5e4b.txt,crops/train/40/IMG_3515_jpg.rf.2c705011d1dbad4ca20f2a3007ab5e4b__box0.jpg,640,640,582,582
train,50,49,speed-limit-50,train/images/IMG_4214_jpg.rf.e20ef0c4e93b190ebc7090805fd4eb03.jpg,train/labels/IMG_4214_jpg.rf.e20ef0c4e93b190ebc7090805fd4eb03.txt,crops/train/50/IMG_4214_jpg.rf.e20ef0c4e93b190ebc7090805fd4eb03__box0.jpg,591,640,640,640
train,50,49,speed-limit-50,train/images/IMG_4215_jpg.rf.860e5419f3f3205a58a735c3854aa9b4.jpg,train/labels/IMG_4215_jpg.rf.860e5419f3f3205a58a735c3854aa9b4.txt,crops/train/50/IMG_4215_jpg.rf.860e5419f3f3205a58a735c3854aa9b4__box0.jpg,561,640,640,640
train,50,49,speed-limit-50,train/images/IMG_4216_jpg.rf.a502ebd6336f4248210cddb15e2adba7.jpg,train/labels/IMG_4216_jpg.rf.a502ebd6336f4248210cddb15e2adba7.txt,crops/train/50/IMG_4216_jpg.rf.a502ebd6336f4248210cddb15e2adba7__box0.jpg,478,640,640,640
train,60,50,speed-limit-60,train/images/IMG_4242_jpg.rf.d31cab4ab786d61900ea29d0bbaefbbe.jpg,train/labels/IMG_4242_jpg.rf.d31cab4ab786d61900ea29d0bbaefbbe.txt,crops/train/60/IMG_4242_jpg.rf.d31cab4ab786d61900ea29d0bbaefbbe__box0.jpg,640,594,632,632
train,60,50,speed-limit-60,train/images/IMG_4244_jpg.rf.c79d6f67929bf3b1a3386ce2fd43559c.jpg,train/labels/IMG_4244_jpg.rf.c79d6f67929bf3b1a3386ce2fd43559c.txt,crops/train/60/IMG_4244_jpg.rf.c79d6f67929bf3b1a3386ce2fd43559c__box0.jpg,589,640,640,640
train,60,50,speed-limit-60,train/images/IMG_4245_jpg.rf.f6732c8884fece47e3409d1861e5455a.jpg,train/labels/IMG_4245_jpg.rf.f6732c8884fece47e3409d1861e5455a.txt,crops/train/60/IMG_4245_jpg.rf.f6732c8884fece47e3409d1861e5455a__box0.jpg,607,640,640,640
train,60,50,speed-limit-60,train/images/IMG_4246_jpg.rf.7fe6bcc7251daab74b46bf44b69dcdee.jpg,train/labels/IMG_4246_jpg.rf.7fe6bcc7251daab74b46bf44b69dcdee.txt,crops/train/60/IMG_4246_jpg.rf.7fe6bcc7251daab74b46bf44b69dcdee__box0.jpg,592,640,637,637
train,60,50,speed-limit-60,train/images/IMG_4255_jpg.rf.cdd76d8cff06c502b062fd2e02058902.jpg,train/labels/IMG_4255_jpg.rf.cdd76d8cff06c502b062fd2e02058902.txt,crops/train/60/IMG_4255_jpg.rf.cdd76d8cff06c502b062fd2e02058902__box0.jpg,565,640,640,640
train,60,50,speed-limit-60,train/images/IMG_4256_jpg.rf.bb2d933c4fb036a77a3aff3423efdeb8.jpg,train/labels/IMG_4256_jpg.rf.bb2d933c4fb036a77a3aff3423efdeb8.txt,crops/train/60/IMG_4256_jpg.rf.bb2d933c4fb036a77a3aff3423efdeb8__box0.jpg,640,626,632,632
train,60,50,speed-limit-60,train/images/IMG_4257_jpg.rf.36c6d8167d7e0a206a8fb0bd83bda2b6.jpg,train/labels/IMG_4257_jpg.rf.36c6d8167d7e0a206a8fb0bd83bda2b6.txt,crops/train/60/IMG_4257_jpg.rf.36c6d8167d7e0a206a8fb0bd83bda2b6__box0.jpg,540,640,640,640
train,60,50,speed-limit-60,train/images/IMG_4326_jpg.rf.835a538220d27f80813e882654de6b95.jpg,train/labels/IMG_4326_jpg.rf.835a538220d27f80813e882654de6b95.txt,crops/train/60/IMG_4326_jpg.rf.835a538220d27f80813e882654de6b95__box0.jpg,396,640,640,640
train,80,51,speed-limit-80,train/images/IMG_4327_jpg.rf.6493c01ea6e69a283cfed8316a19f984.jpg,train/labels/IMG_4327_jpg.rf.6493c01ea6e69a283cfed8316a19f984.txt,crops/train/80/IMG_4327_jpg.rf.6493c01ea6e69a283cfed8316a19f984__box0.jpg,640,632,640,640
train,80,51,speed-limit-80,train/images/IMG_4328_jpg.rf.570540acf1e907dbac301586d1cd3335.jpg,train/labels/IMG_4328_jpg.rf.570540acf1e907dbac301586d1cd3335.txt,crops/train/80/IMG_4328_jpg.rf.570540acf1e907dbac301586d1cd3335__box0.jpg,564,640,640,640
train,80,51,speed-limit-80,train/images/IMG_4338_jpg.rf.c7cd8804f54b21116c04c0be12c05b25.jpg,train/labels/IMG_4338_jpg.rf.c7cd8804f54b21116c04c0be12c05b25.txt,crops/train/80/IMG_4338_jpg.rf.c7cd8804f54b21116c04c0be12c05b25__box0.jpg,613,640,640,640
train,80,51,speed-limit-80,train/images/IMG_4339_jpg.rf.a92f204bee2221bc7ac34f5cd9d37cc3.jpg,train/labels/IMG_4339_jpg.rf.a92f204bee2221bc7ac34f5cd9d37cc3.txt,crops/train/80/IMG_4339_jpg.rf.a92f204bee2221bc7ac34f5cd9d37cc3__box0.jpg,570,640,640,640
train,80,51,speed-limit-80,train/images/IMG_4340_jpg.rf.8183092bcdfefb70c9b7157678cb52cd.jpg,train/labels/IMG_4340_jpg.rf.8183092bcdfefb70c9b7157678cb52cd.txt,crops/train/80/IMG_4340_jpg.rf.8183092bcdfefb70c9b7157678cb52cd__box0.jpg,640,624,640,640
train,50,49,speed-limit-50,train/images/IMG_4344_jpg.rf.6d215e9f37c02d913f89f07255866662.jpg,train/labels/IMG_4344_jpg.rf.6d215e9f37c02d913f89f07255866662.txt,crops/train/50/IMG_4344_jpg.rf.6d215e9f37c02d913f89f07255866662__box0.jpg,601,640,640,640
train,50,49,speed-limit-50,train/images/IMG_4345_jpg.rf.b8a5cd3a97e2397297b6d5c42050a409.jpg,train/labels/IMG_4345_jpg.rf.b8a5cd3a97e2397297b6d5c42050a409.txt,crops/train/50/IMG_4345_jpg.rf.b8a5cd3a97e2397297b6d5c42050a409__box0.jpg,640,640,640,640
train,50,49,speed-limit-50,train/images/IMG_4346_jpg.rf.cc31fa68613a14da1eb40af366054628.jpg,train/labels/IMG_4346_jpg.rf.cc31fa68613a14da1eb40af366054628.txt,crops/train/50/IMG_4346_jpg.rf.cc31fa68613a14da1eb40af366054628__box0.jpg,640,640,640,640
train,60,50,speed-limit-60,train/images/IMG_4354_jpg.rf.062534f4143f391575686348af83fd30.jpg,train/labels/IMG_4354_jpg.rf.062534f4143f391575686348af83fd30.txt,crops/train/60/IMG_4354_jpg.rf.062534f4143f391575686348af83fd30__box0.jpg,619,640,640,640
train,60,50,speed-limit-60,train/images/IMG_4355_jpg.rf.f6c808855863578e33b737742ed79207.jpg,train/labels/IMG_4355_jpg.rf.f6c808855863578e33b737742ed79207.txt,crops/train/60/IMG_4355_jpg.rf.f6c808855863578e33b737742ed79207__box0.jpg,467,640,640,640
train,60,50,speed-limit-60,train/images/IMG_4356_jpg.rf.5fc394bb7c9191c607856cd0e6551ec4.jpg,train/labels/IMG_4356_jpg.rf.5fc394bb7c9191c607856cd0e6551ec4.txt,crops/train/60/IMG_4356_jpg.rf.5fc394bb7c9191c607856cd0e6551ec4__box0.jpg,383,640,640,640
train,40,47,speed-limit-40,train/images/IMG_4357_jpg.rf.15340d694768bf42b656d255085e77c7.jpg,train/labels/IMG_4357_jpg.rf.15340d694768bf42b656d255085e77c7.txt,crops/train/40/IMG_4357_jpg.rf.15340d694768bf42b656d255085e77c7__box0.jpg,634,640,640,640
train,40,47,speed-limit-40,train/images/IMG_4358_jpg.rf.eef08386ae0255605afad72396ef32da.jpg,train/labels/IMG_4358_jpg.rf.eef08386ae0255605afad72396ef32da.txt,crops/train/40/IMG_4358_jpg.rf.eef08386ae0255605afad72396ef32da__box0.jpg,503,640,640,640
train,40,47,speed-limit-40,train/images/IMG_4359_jpg.rf.57ec2472bcd5d69205f7b7d349cbb94e.jpg,train/labels/IMG_4359_jpg.rf.57ec2472bcd5d69205f7b7d349cbb94e.txt,crops/train/40/IMG_4359_jpg.rf.57ec2472bcd5d69205f7b7d349cbb94e__box0.jpg,480,640,640,640
train,40,47,speed-limit-40,train/images/P1830949_2_jpg.rf.75b12d55cdb9770331470bf6a78e7fe5.jpg,train/labels/P1830949_2_jpg.rf.75b12d55cdb9770331470bf6a78e7fe5.txt,crops/train/40/P1830949_2_jpg.rf.75b12d55cdb9770331470bf6a78e7fe5__box0.jpg,640,640,640,640
train,40,47,speed-limit-40,train/images/P1830950_1_jpg.rf.51481bf01ea02cdf2f5966ac94cbeef5.jpg,train/labels/P1830950_1_jpg.rf.51481bf01ea02cdf2f5966ac94cbeef5.txt,crops/train/40/P1830950_1_jpg.rf.51481bf01ea02cdf2f5966ac94cbeef5__box0.jpg,640,640,640,640
train,50,49,speed-limit-50,train/images/P1830965_2_jpg.rf.8ed4c028c7ebb02fd5b1c21fadf904eb.jpg,train/labels/P1830965_2_jpg.rf.8ed4c028c7ebb02fd5b1c21fadf904eb.txt,crops/train/50/P1830965_2_jpg.rf.8ed4c028c7ebb02fd5b1c21fadf904eb__box0.jpg,640,640,640,640
train,50,49,speed-limit-50,train/images/P1840066_1_jpg.rf.2c83a7ede14f95b775ac8d6d41076369.jpg,train/labels/P1840066_1_jpg.rf.2c83a7ede14f95b775ac8d6d41076369.txt,crops/train/50/P1840066_1_jpg.rf.2c83a7ede14f95b775ac8d6d41076369__box0.jpg,640,640,640,640
train,50,49,speed-limit-50,train/images/P1840137_2_jpg.rf.795c2ca26e34e803664f212cb30e5e2b.jpg,train/labels/P1840137_2_jpg.rf.795c2ca26e34e803664f212cb30e5e2b.txt,crops/train/50/P1840137_2_jpg.rf.795c2ca26e34e803664f212cb30e5e2b__box0.jpg,640,640,640,640
train,50,49,speed-limit-50,train/images/P1840141_1_jpg.rf.7c7f1eecf833e3f7463b2240252ad50e.jpg,train/labels/P1840141_1_jpg.rf.7c7f1eecf833e3f7463b2240252ad50e.txt,crops/train/50/P1840141_1_jpg.rf.7c7f1eecf833e3f7463b2240252ad50e__box0.jpg,640,640,640,640
train,50,49,speed-limit-50,train/images/P1840142_1_jpg.rf.012041104469125141d8de255135adda.jpg,train/labels/P1840142_1_jpg.rf.012041104469125141d8de255135adda.txt,crops/train/50/P1840142_1_jpg.rf.012041104469125141d8de255135adda__box0.jpg,640,640,640,640
train,30,46,speed-limit-30,train/images/P1840144_4_jpg.rf.74e5e8326d57bbee1d5a8ebd6a0029ec.jpg,train/labels/P1840144_4_jpg.rf.74e5e8326d57bbee1d5a8ebd6a0029ec.txt,crops/train/30/P1840144_4_jpg.rf.74e5e8326d57bbee1d5a8ebd6a0029ec__box0.jpg,640,640,640,640
train,50,49,speed-limit-50,train/images/P1840146_4_jpg.rf.930336a1ef64ddf5249668478ceb9a56.jpg,train/labels/P1840146_4_jpg.rf.930336a1ef64ddf5249668478ceb9a56.txt,crops/train/50/P1840146_4_jpg.rf.930336a1ef64ddf5249668478ceb9a56__box0.jpg,640,640,640,640
train,50,49,speed-limit-50,train/images/P1840147_1_jpg.rf.33165e5d3f89a566302a8d31beb4297c.jpg,train/labels/P1840147_1_jpg.rf.33165e5d3f89a566302a8d31beb4297c.txt,crops/train/50/P1840147_1_jpg.rf.33165e5d3f89a566302a8d31beb4297c__box0.jpg,640,640,640,640
train,50,49,speed-limit-50,train/images/P1840152_4_jpg.rf.4d5da72383ef8c92de8dae5acb01baff.jpg,train/labels/P1840152_4_jpg.rf.4d5da72383ef8c92de8dae5acb01baff.txt,crops/train/50/P1840152_4_jpg.rf.4d5da72383ef8c92de8dae5acb01baff__box0.jpg,640,640,635,635
train,60,50,speed-limit-60,train/images/P1840281_1_jpg.rf.857a54d951822bfe6e4160c21f12ea37.jpg,train/labels/P1840281_1_jpg.rf.857a54d951822bfe6e4160c21f12ea37.txt,crops/train/60/P1840281_1_jpg.rf.857a54d951822bfe6e4160c21f12ea37__box0.jpg,640,640,640,640
train,50,49,speed-limit-50,train/images/P1840303_2_jpg.rf.9ea71982021a002717156766a0cbc6c4.jpg,train/labels/P1840303_2_jpg.rf.9ea71982021a002717156766a0cbc6c4.txt,crops/train/50/P1840303_2_jpg.rf.9ea71982021a002717156766a0cbc6c4__box0.jpg,640,640,640,640
train,50,49,speed-limit-50,train/images/P1840317_1_jpg.rf.4ccbfaf1a924fb281cd5fb27b940d527.jpg,train/labels/P1840317_1_jpg.rf.4ccbfaf1a924fb281cd5fb27b940d527.txt,crops/train/50/P1840317_1_jpg.rf.4ccbfaf1a924fb281cd5fb27b940d527__box0.jpg,640,640,640,640
train,50,49,speed-limit-50,train/images/P1840501_1_jpg.rf.1198ac7ed889a0106d78b2e02150fb41.jpg,train/labels/P1840501_1_jpg.rf.1198ac7ed889a0106d78b2e02150fb41.txt,crops/train/50/P1840501_1_jpg.rf.1198ac7ed889a0106d78b2e02150fb41__box0.jpg,640,640,640,640
train,50,49,speed-limit-50,train/images/P1840502_1_jpg.rf.f08c0280131a4927d537d91c00a2ed25.jpg,train/labels/P1840502_1_jpg.rf.f08c0280131a4927d537d91c00a2ed25.txt,crops/train/50/P1840502_1_jpg.rf.f08c0280131a4927d537d91c00a2ed25__box0.jpg,640,640,640,640
train,50,49,speed-limit-50,train/images/P1840506_1_jpg.rf.fd87149624796d8283479ed7363589c9.jpg,train/labels/P1840506_1_jpg.rf.fd87149624796d8283479ed7363589c9.txt,crops/train/50/P1840506_1_jpg.rf.fd87149624796d8283479ed7363589c9__box0.jpg,640,640,640,640
train,50,49,speed-limit-50,train/images/P1840530_3_jpg.rf.d87fc2ebec5e892a6f294897c741374f.jpg,train/labels/P1840530_3_jpg.rf.d87fc2ebec5e892a6f294897c741374f.txt,crops/train/50/P1840530_3_jpg.rf.d87fc2ebec5e892a6f294897c741374f__box0.jpg,640,640,640,640
train,40,47,speed-limit-40,train/images/P1840604_1_jpg.rf.9d7bc82c29f6d7de076bbcc7511f6935.jpg,train/labels/P1840604_1_jpg.rf.9d7bc82c29f6d7de076bbcc7511f6935.txt,crops/train/40/P1840604_1_jpg.rf.9d7bc82c29f6d7de076bbcc7511f6935__box0.jpg,640,640,640,640
train,60,50,speed-limit-60,train/images/P1860064_2_jpg.rf.35e8d94241a555e6d62e244c7a2283ad.jpg,train/labels/P1860064_2_jpg.rf.35e8d94241a555e6d62e244c7a2283ad.txt,crops/train/60/P1860064_2_jpg.rf.35e8d94241a555e6d62e244c7a2283ad__box0.jpg,640,640,640,640
train,50,49,speed-limit-50,train/images/P1860077_1_jpg.rf.d1c72bd83e9f0c2e756d89ab83f3d96a.jpg,train/labels/P1860077_1_jpg.rf.d1c72bd83e9f0c2e756d89ab83f3d96a.txt,crops/train/50/P1860077_1_jpg.rf.d1c72bd83e9f0c2e756d89ab83f3d96a__box0.jpg,640,640,640,640
train,50,49,speed-limit-50,train/images/P1860078_1_jpg.rf.08590e6abe4a4fb35a7dfd4589fc37c7.jpg,train/labels/P1860078_1_jpg.rf.08590e6abe4a4fb35a7dfd4589fc37c7.txt,crops/train/50/P1860078_1_jpg.rf.08590e6abe4a4fb35a7dfd4589fc37c7__box0.jpg,640,640,640,640
train,50,49,speed-limit-50,train/images/P1860079_5_jpg.rf.f72502f1219a5a2cde2f3cc2ec50193f.jpg,train/labels/P1860079_5_jpg.rf.f72502f1219a5a2cde2f3cc2ec50193f.txt,crops/train/50/P1860079_5_jpg.rf.f72502f1219a5a2cde2f3cc2ec50193f__box0.jpg,640,640,640,640
train,30,46,speed-limit-30,train/images/P1860086_1_jpg.rf.7d92bb3e21cf1010e0b32a427e65c002.jpg,train/labels/P1860086_1_jpg.rf.7d92bb3e21cf1010e0b32a427e65c002.txt,crops/train/30/P1860086_1_jpg.rf.7d92bb3e21cf1010e0b32a427e65c002__box0.jpg,640,640,640,640
train,50,49,speed-limit-50,train/images/P1860098_5_jpg.rf.25d6696b7ef18716e00d75509a6e2ed5.jpg,train/labels/P1860098_5_jpg.rf.25d6696b7ef18716e00d75509a6e2ed5.txt,crops/train/50/P1860098_5_jpg.rf.25d6696b7ef18716e00d75509a6e2ed5__box0.jpg,640,640,640,640
train,80,51,speed-limit-80,train/images/Road-Safety-Measures-J-11-09-1024x640_jpg.rf.7b0425cfcaa71025888074d29381fa10.jpg,train/labels/Road-Safety-Measures-J-11-09-1024x640_jpg.rf.7b0425cfcaa71025888074d29381fa10.txt,crops/train/80/Road-Safety-Measures-J-11-09-1024x640_jpg.rf.7b0425cfcaa71025888074d29381fa10__box0.jpg,640,400,234,234
train,40,47,speed-limit-40,train/images/SPEED_LIM-10-_jpg.rf.e8d53b85e17e4d80daa023272f8de890.jpg,train/labels/SPEED_LIM-10-_jpg.rf.e8d53b85e17e4d80daa023272f8de890.txt,crops/train/40/SPEED_LIM-10-_jpg.rf.e8d53b85e17e4d80daa023272f8de890__box0.jpg,480,640,437,437
train,40,47,speed-limit-40,train/images/SPEED_LIM-31-_jpg.rf.b5a90481d646316a58cd558947c88f29.jpg,train/labels/SPEED_LIM-31-_jpg.rf.b5a90481d646316a58cd558947c88f29.txt,crops/train/40/SPEED_LIM-31-_jpg.rf.b5a90481d646316a58cd558947c88f29__box0.jpg,480,640,418,418
train,40,47,speed-limit-40,train/images/SPEED_LIM-49-_jpg.rf.ef4bd6521eb8d0c11f1204e745481747.jpg,train/labels/SPEED_LIM-49-_jpg.rf.ef4bd6521eb8d0c11f1204e745481747.txt,crops/train/40/SPEED_LIM-49-_jpg.rf.ef4bd6521eb8d0c11f1204e745481747__box0.jpg,480,640,424,424
train,5,48,speed-limit-5,train/images/camera_20260824_132330_821530_jpg.rf.271dbb6612c312fbc45cfc736309e942.jpg,train/labels/camera_20260824_132330_821530_jpg.rf.271dbb6612c312fbc45cfc736309e942.txt,crops/train/5/camera_20260824_132330_821530_jpg.rf.271dbb6612c312fbc45cfc736309e942__box0.jpg,640,360,40,40
train,15,45,speed-limit-15,train/images/camera_20260824_132348_485999_jpg.rf.189b4f545cb76f5226dc0404f28a6085.jpg,train/labels/camera_20260824_132348_485999_jpg.rf.189b4f545cb76f5226dc0404f28a6085.txt,crops/train/15/camera_20260824_132348_485999_jpg.rf.189b4f545cb76f5226dc0404f28a6085__box0.jpg,640,360,39,39
train,15,45,speed-limit-15,train/images/camera_20260824_132349_555578_jpg.rf.305ee6bc9fd481580a4656a16bc28160.jpg,train/labels/camera_20260824_132349_555578_jpg.rf.305ee6bc9fd481580a4656a16bc28160.txt,crops/train/15/camera_20260824_132349_555578_jpg.rf.305ee6bc9fd481580a4656a16bc28160__box0.jpg,640,360,25,25
train,15,45,speed-limit-15,train/images/camera_20260824_132351_107638_jpg.rf.c5623c493dedf119ebd70bbb8ac2ad70.jpg,train/labels/camera_20260824_132351_107638_jpg.rf.c5623c493dedf119ebd70bbb8ac2ad70.txt,crops/train/15/camera_20260824_132351_107638_jpg.rf.c5623c493dedf119ebd70bbb8ac2ad70__box0.jpg,640,360,28,28
train,15,45,speed-limit-15,train/images/camera_20260824_132404_264199_jpg.rf.a0fc5438b8aad61491d367e6482c9178.jpg,train/labels/camera_20260824_132404_264199_jpg.rf.a0fc5438b8aad61491d367e6482c9178.txt,crops/train/15/camera_20260824_132404_264199_jpg.rf.a0fc5438b8aad61491d367e6482c9178__box0.jpg,640,360,55,55
train,15,45,speed-limit-15,train/images/camera_20260824_132405_555853_jpg.rf.b433c130dd2266e3dea9f916793a5af3.jpg,train/labels/camera_20260824_132405_555853_jpg.rf.b433c130dd2266e3dea9f916793a5af3.txt,crops/train/15/camera_20260824_132405_555853_jpg.rf.b433c130dd2266e3dea9f916793a5af3__box0.jpg,640,360,45,45
train,15,45,speed-limit-15,train/images/camera_20260824_132407_175585_jpg.rf.23bb03dccb94d3bd6fad9ac4dbe0ae4b.jpg,train/labels/camera_20260824_132407_175585_jpg.rf.23bb03dccb94d3bd6fad9ac4dbe0ae4b.txt,crops/train/15/camera_20260824_132407_175585_jpg.rf.23bb03dccb94d3bd6fad9ac4dbe0ae4b__box0.jpg,640,360,42,42
train,15,45,speed-limit-15,train/images/camera_20260824_132409_112351_jpg.rf.3c2deb99b0ae723313f1dc74ba2d4726.jpg,train/labels/camera_20260824_132409_112351_jpg.rf.3c2deb99b0ae723313f1dc74ba2d4726.txt,crops/train/15/camera_20260824_132409_112351_jpg.rf.3c2deb99b0ae723313f1dc74ba2d4726__box0.jpg,640,360,91,91
train,30,46,speed-limit-30,train/images/camera_20260824_132420_743389_jpg.rf.d5427a8701d3803606a3e165cbdea8c7.jpg,train/labels/camera_20260824_132420_743389_jpg.rf.d5427a8701d3803606a3e165cbdea8c7.txt,crops/train/30/camera_20260824_132420_743389_jpg.rf.d5427a8701d3803606a3e165cbdea8c7__box0.jpg,640,360,66,66
train,30,46,speed-limit-30,train/images/camera_20260824_132422_790001_jpg.rf.175e18a0f9b76b81b902a6bc8c6a9e89.jpg,train/labels/camera_20260824_132422_790001_jpg.rf.175e18a0f9b76b81b902a6bc8c6a9e89.txt,crops/train/30/camera_20260824_132422_790001_jpg.rf.175e18a0f9b76b81b902a6bc8c6a9e89__box0.jpg,640,360,46,46
train,30,46,speed-limit-30,train/images/camera_20260824_132424_083736_jpg.rf.00b1070caad551ff7585b37acaa59664.jpg,train/labels/camera_20260824_132424_083736_jpg.rf.00b1070caad551ff7585b37acaa59664.txt,crops/train/30/camera_20260824_132424_083736_jpg.rf.00b1070caad551ff7585b37acaa59664__box0.jpg,640,360,35,35
train,30,46,speed-limit-30,train/images/camera_20260824_132425_412484_jpg.rf.6bef87346d0e7ee957990c8802ef1e24.jpg,train/labels/camera_20260824_132425_412484_jpg.rf.6bef87346d0e7ee957990c8802ef1e24.txt,crops/train/30/camera_20260824_132425_412484_jpg.rf.6bef87346d0e7ee957990c8802ef1e24__box0.jpg,640,360,28,28
train,30,46,speed-limit-30,train/images/camera_20260824_132433_189078_jpg.rf.44bfad9a3ddd2ce6f499e98c51ff3dd8.jpg,train/labels/camera_20260824_132433_189078_jpg.rf.44bfad9a3ddd2ce6f499e98c51ff3dd8.txt,crops/train/30/camera_20260824_132433_189078_jpg.rf.44bfad9a3ddd2ce6f499e98c51ff3dd8__box0.jpg,640,360,34,34
train,30,46,speed-limit-30,train/images/camera_20260824_132434_788012_jpg.rf.3c789f54dac70b79216f93e799c60466.jpg,train/labels/camera_20260824_132434_788012_jpg.rf.3c789f54dac70b79216f93e799c60466.txt,crops/train/30/camera_20260824_132434_788012_jpg.rf.3c789f54dac70b79216f93e799c60466__box0.jpg,640,360,30,30
train,40,47,speed-limit-40,train/images/camera_20260824_132444_787177_jpg.rf.83be72a561eb2762a369d8ad527d0720.jpg,train/labels/camera_20260824_132444_787177_jpg.rf.83be72a561eb2762a369d8ad527d0720.txt,crops/train/40/camera_20260824_132444_787177_jpg.rf.83be72a561eb2762a369d8ad527d0720__box0.jpg,640,360,77,77
train,40,47,speed-limit-40,train/images/camera_20260824_132446_115639_jpg.rf.260320275e4ddd2d436148e09533cb25.jpg,train/labels/camera_20260824_132446_115639_jpg.rf.260320275e4ddd2d436148e09533cb25.txt,crops/train/40/camera_20260824_132446_115639_jpg.rf.260320275e4ddd2d436148e09533cb25__box0.jpg,640,360,30,30
train,40,47,speed-limit-40,train/images/camera_20260824_132447_284617_jpg.rf.8a502761a0dc494b16203c0c05ee1a61.jpg,train/labels/camera_20260824_132447_284617_jpg.rf.8a502761a0dc494b16203c0c05ee1a61.txt,crops/train/40/camera_20260824_132447_284617_jpg.rf.8a502761a0dc494b16203c0c05ee1a61__box0.jpg,640,360,28,28
train,40,47,speed-limit-40,train/images/camera_20260824_132448_467229_jpg.rf.87125c18824181f6d25abb40783b930b.jpg,train/labels/camera_20260824_132448_467229_jpg.rf.87125c18824181f6d25abb40783b930b.txt,crops/train/40/camera_20260824_132448_467229_jpg.rf.87125c18824181f6d25abb40783b930b__box0.jpg,640,360,31,31
train,40,47,speed-limit-40,train/images/camera_20260824_132450_660267_jpg.rf.d1a64076e345ed137353041a64657afa.jpg,train/labels/camera_20260824_132450_660267_jpg.rf.d1a64076e345ed137353041a64657afa.txt,crops/train/40/camera_20260824_132450_660267_jpg.rf.d1a64076e345ed137353041a64657afa__box0.jpg,640,360,50,50
train,40,47,speed-limit-40,train/images/camera_20260824_132452_086357_jpg.rf.2bd6bec5c5ac37ce26875c460f0c6b7c.jpg,train/labels/camera_20260824_132452_086357_jpg.rf.2bd6bec5c5ac37ce26875c460f0c6b7c.txt,crops/train/40/camera_20260824_132452_086357_jpg.rf.2bd6bec5c5ac37ce26875c460f0c6b7c__box0.jpg,640,360,48,48
train,40,47,speed-limit-40,train/images/camera_20260824_132455_733460_jpg.rf.57b141de59fbda3f50b5baedcad19ff5.jpg,train/labels/camera_20260824_132455_733460_jpg.rf.57b141de59fbda3f50b5baedcad19ff5.txt,crops/train/40/camera_20260824_132455_733460_jpg.rf.57b141de59fbda3f50b5baedcad19ff5__box0.jpg,640,360,54,54
train,40,47,speed-limit-40,train/images/camera_20260824_132456_963696_jpg.rf.bdcb387288bb6de7faa87633bffd2c0c.jpg,train/labels/camera_20260824_132456_963696_jpg.rf.bdcb387288bb6de7faa87633bffd2c0c.txt,crops/train/40/camera_20260824_132456_963696_jpg.rf.bdcb387288bb6de7faa87633bffd2c0c__box0.jpg,640,360,48,48
train,40,47,speed-limit-40,train/images/camera_20260824_132458_308798_jpg.rf.563b42adcf3d9805e2f6c088794f36d4.jpg,train/labels/camera_20260824_132458_308798_jpg.rf.563b42adcf3d9805e2f6c088794f36d4.txt,crops/train/40/camera_20260824_132458_308798_jpg.rf.563b42adcf3d9805e2f6c088794f36d4__box0.jpg,640,360,49,49
train,40,47,speed-limit-40,train/images/camera_20260824_132505_108387_jpg.rf.5427a8176391775bd1097df0a5dceec7.jpg,train/labels/camera_20260824_132505_108387_jpg.rf.5427a8176391775bd1097df0a5dceec7.txt,crops/train/40/camera_20260824_132505_108387_jpg.rf.5427a8176391775bd1097df0a5dceec7__box0.jpg,640,360,39,39
train,40,47,speed-limit-40,train/images/camera_20260824_132506_377515_jpg.rf.eb9c44700b320ed704b41c2543e762d0.jpg,train/labels/camera_20260824_132506_377515_jpg.rf.eb9c44700b320ed704b41c2543e762d0.txt,crops/train/40/camera_20260824_132506_377515_jpg.rf.eb9c44700b320ed704b41c2543e762d0__box0.jpg,640,360,54,54
train,50,49,speed-limit-50,train/images/camera_20260824_132520_259855_jpg.rf.d5a3b85fee7a3d9fec72f0ebd111ca1d.jpg,train/labels/camera_20260824_132520_259855_jpg.rf.d5a3b85fee7a3d9fec72f0ebd111ca1d.txt,crops/train/50/camera_20260824_132520_259855_jpg.rf.d5a3b85fee7a3d9fec72f0ebd111ca1d__box0.jpg,640,360,38,38
train,50,49,speed-limit-50,train/images/camera_20260824_132524_963469_jpg.rf.a228bb2a93b4feeb8a79dbccfbdd9ff4.jpg,train/labels/camera_20260824_132524_963469_jpg.rf.a228bb2a93b4feeb8a79dbccfbdd9ff4.txt,crops/train/50/camera_20260824_132524_963469_jpg.rf.a228bb2a93b4feeb8a79dbccfbdd9ff4__box0.jpg,640,360,33,33
train,50,49,speed-limit-50,train/images/camera_20260824_132530_036450_jpg.rf.573fc9cbfed51ce6d338c1a6a612915f.jpg,train/labels/camera_20260824_132530_036450_jpg.rf.573fc9cbfed51ce6d338c1a6a612915f.txt,crops/train/50/camera_20260824_132530_036450_jpg.rf.573fc9cbfed51ce6d338c1a6a612915f__box0.jpg,640,360,56,56
train,50,49,speed-limit-50,train/images/camera_20260824_132532_024263_jpg.rf.26ab2a448ce07dc8b955c1fd61ee7336.jpg,train/labels/camera_20260824_132532_024263_jpg.rf.26ab2a448ce07dc8b955c1fd61ee7336.txt,crops/train/50/camera_20260824_132532_024263_jpg.rf.26ab2a448ce07dc8b955c1fd61ee7336__box0.jpg,640,360,63,63
train,60,50,speed-limit-60,train/images/camera_20260824_132542_760062_jpg.rf.d658724deebdcdd69a6b1ae3f9d17d50.jpg,train/labels/camera_20260824_132542_760062_jpg.rf.d658724deebdcdd69a6b1ae3f9d17d50.txt,crops/train/60/camera_20260824_132542_760062_jpg.rf.d658724deebdcdd69a6b1ae3f9d17d50__box0.jpg,640,360,69,69
train,60,50,speed-limit-60,train/images/camera_20260824_132544_212686_jpg.rf.c12d49a73819fbdd22876e4e3d3dc7f8.jpg,train/labels/camera_20260824_132544_212686_jpg.rf.c12d49a73819fbdd22876e4e3d3dc7f8.txt,crops/train/60/camera_20260824_132544_212686_jpg.rf.c12d49a73819fbdd22876e4e3d3dc7f8__box0.jpg,640,360,36,36
train,60,50,speed-limit-60,train/images/camera_20260824_132546_777536_jpg.rf.09652f0a0b3ca5b566633513ce5ed01e.jpg,train/labels/camera_20260824_132546_777536_jpg.rf.09652f0a0b3ca5b566633513ce5ed01e.txt,crops/train/60/camera_20260824_132546_777536_jpg.rf.09652f0a0b3ca5b566633513ce5ed01e__box0.jpg,640,360,51,51
train,60,50,speed-limit-60,train/images/camera_20260824_132548_230316_jpg.rf.d2c51d9f8cec75f60df89a73b917945c.jpg,train/labels/camera_20260824_132548_230316_jpg.rf.d2c51d9f8cec75f60df89a73b917945c.txt,crops/train/60/camera_20260824_132548_230316_jpg.rf.d2c51d9f8cec75f60df89a73b917945c__box0.jpg,640,360,73,73
train,60,50,speed-limit-60,train/images/camera_20260824_132610_824944_jpg.rf.99e3e66ed744e90bf22c1d7930530ac2.jpg,train/labels/camera_20260824_132610_824944_jpg.rf.99e3e66ed744e90bf22c1d7930530ac2.txt,crops/train/60/camera_20260824_132610_824944_jpg.rf.99e3e66ed744e90bf22c1d7930530ac2__box0.jpg,640,360,63,63
train,60,50,speed-limit-60,train/images/camera_20260824_132612_548245_jpg.rf.c7cce2bd4048a7af1a1542202c6aff88.jpg,train/labels/camera_20260824_132612_548245_jpg.rf.c7cce2bd4048a7af1a1542202c6aff88.txt,crops/train/60/camera_20260824_132612_548245_jpg.rf.c7cce2bd4048a7af1a1542202c6aff88__box0.jpg,640,360,42,42
train,60,50,speed-limit-60,train/images/camera_20260824_132612_548245_jpg.rf.c7cce2bd4048a7af1a1542202c6aff88.jpg,train/labels/camera_20260824_132612_548245_jpg.rf.c7cce2bd4048a7af1a1542202c6aff88.txt,crops/train/60/camera_20260824_132612_548245_jpg.rf.c7cce2bd4048a7af1a1542202c6aff88__box1.jpg,640,360,31,31
train,60,50,speed-limit-60,train/images/camera_20260824_132612_548245_jpg.rf.c7cce2bd4048a7af1a1542202c6aff88.jpg,train/labels/camera_20260824_132612_548245_jpg.rf.c7cce2bd4048a7af1a1542202c6aff88.txt,crops/train/60/camera_20260824_132612_548245_jpg.rf.c7cce2bd4048a7af1a1542202c6aff88__box2.jpg,640,360,30,30
train,30,46,speed-limit-30,train/images/camera_20260824_132630_884850_jpg.rf.cbfe21248c1f378ef73e31b401f27a38.jpg,train/labels/camera_20260824_132630_884850_jpg.rf.cbfe21248c1f378ef73e31b401f27a38.txt,crops/train/30/camera_20260824_132630_884850_jpg.rf.cbfe21248c1f378ef73e31b401f27a38__box0.jpg,640,360,40,40
train,50,49,speed-limit-50,train/images/camera_20260824_132630_884850_jpg.rf.cbfe21248c1f378ef73e31b401f27a38.jpg,train/labels/camera_20260824_132630_884850_jpg.rf.cbfe21248c1f378ef73e31b401f27a38.txt,crops/train/50/camera_20260824_132630_884850_jpg.rf.cbfe21248c1f378ef73e31b401f27a38__box1.jpg,640,360,39,39
train,30,46,speed-limit-30,train/images/camera_20260824_132632_195435_jpg.rf.7e70e56aa5e96a83af95ebe2e186c334.jpg,train/labels/camera_20260824_132632_195435_jpg.rf.7e70e56aa5e96a83af95ebe2e186c334.txt,crops/train/30/camera_20260824_132632_195435_jpg.rf.7e70e56aa5e96a83af95ebe2e186c334__box0.jpg,640,360,39,39
train,50,49,speed-limit-50,train/images/camera_20260824_132632_195435_jpg.rf.7e70e56aa5e96a83af95ebe2e186c334.jpg,train/labels/camera_20260824_132632_195435_jpg.rf.7e70e56aa5e96a83af95ebe2e186c334.txt,crops/train/50/camera_20260824_132632_195435_jpg.rf.7e70e56aa5e96a83af95ebe2e186c334__box1.jpg,640,360,40,40
train,40,47,speed-limit-40,train/images/camera_20260824_132655_509663_jpg.rf.e6cf3272424c98663785572a0f8fc774.jpg,train/labels/camera_20260824_132655_509663_jpg.rf.e6cf3272424c98663785572a0f8fc774.txt,crops/train/40/camera_20260824_132655_509663_jpg.rf.e6cf3272424c98663785572a0f8fc774__box0.jpg,640,360,41,41
train,40,47,speed-limit-40,train/images/camera_20260824_132655_509663_jpg.rf.e6cf3272424c98663785572a0f8fc774.jpg,train/labels/camera_20260824_132655_509663_jpg.rf.e6cf3272424c98663785572a0f8fc774.txt,crops/train/40/camera_20260824_132655_509663_jpg.rf.e6cf3272424c98663785572a0f8fc774__box1.jpg,640,360,38,38
train,40,47,speed-limit-40,train/images/camera_20260824_132655_509663_jpg.rf.e6cf3272424c98663785572a0f8fc774.jpg,train/labels/camera_20260824_132655_509663_jpg.rf.e6cf3272424c98663785572a0f8fc774.txt,crops/train/40/camera_20260824_132655_509663_jpg.rf.e6cf3272424c98663785572a0f8fc774__box2.jpg,640,360,46,46
train,40,47,speed-limit-40,train/images/camera_20260824_132655_509663_jpg.rf.e6cf3272424c98663785572a0f8fc774.jpg,train/labels/camera_20260824_132655_509663_jpg.rf.e6cf3272424c98663785572a0f8fc774.txt,crops/train/40/camera_20260824_132655_509663_jpg.rf.e6cf3272424c98663785572a0f8fc774__box3.jpg,640,360,23,23
train,40,47,speed-limit-40,train/images/camera_20260824_132655_509663_jpg.rf.e6cf3272424c98663785572a0f8fc774.jpg,train/labels/camera_20260824_132655_509663_jpg.rf.e6cf3272424c98663785572a0f8fc774.txt,crops/train/40/camera_20260824_132655_509663_jpg.rf.e6cf3272424c98663785572a0f8fc774__box4.jpg,640,360,22,22
train,40,47,speed-limit-40,train/images/camera_20260824_132659_013424_jpg.rf.6f8c435601a3de09a938ac7b2576e2a5.jpg,train/labels/camera_20260824_132659_013424_jpg.rf.6f8c435601a3de09a938ac7b2576e2a5.txt,crops/train/40/camera_20260824_132659_013424_jpg.rf.6f8c435601a3de09a938ac7b2576e2a5__box0.jpg,640,360,43,43
train,40,47,speed-limit-40,train/images/camera_20260824_132659_013424_jpg.rf.6f8c435601a3de09a938ac7b2576e2a5.jpg,train/labels/camera_20260824_132659_013424_jpg.rf.6f8c435601a3de09a938ac7b2576e2a5.txt,crops/train/40/camera_20260824_132659_013424_jpg.rf.6f8c435601a3de09a938ac7b2576e2a5__box1.jpg,640,360,32,32
train,40,47,speed-limit-40,train/images/camera_20260824_132659_013424_jpg.rf.6f8c435601a3de09a938ac7b2576e2a5.jpg,train/labels/camera_20260824_132659_013424_jpg.rf.6f8c435601a3de09a938ac7b2576e2a5.txt,crops/train/40/camera_20260824_132659_013424_jpg.rf.6f8c435601a3de09a938ac7b2576e2a5__box2.jpg,640,360,39,39
train,40,47,speed-limit-40,train/images/camera_20260824_132659_013424_jpg.rf.6f8c435601a3de09a938ac7b2576e2a5.jpg,train/labels/camera_20260824_132659_013424_jpg.rf.6f8c435601a3de09a938ac7b2576e2a5.txt,crops/train/40/camera_20260824_132659_013424_jpg.rf.6f8c435601a3de09a938ac7b2576e2a5__box3.jpg,640,360,28,28
train,40,47,speed-limit-40,train/images/camera_20260824_132659_013424_jpg.rf.6f8c435601a3de09a938ac7b2576e2a5.jpg,train/labels/camera_20260824_132659_013424_jpg.rf.6f8c435601a3de09a938ac7b2576e2a5.txt,crops/train/40/camera_20260824_132659_013424_jpg.rf.6f8c435601a3de09a938ac7b2576e2a5__box4.jpg,640,360,21,21
train,60,50,speed-limit-60,train/images/camera_20260824_132722_276510_jpg.rf.7836cb212076905d6de4259a85661f0a.jpg,train/labels/camera_20260824_132722_276510_jpg.rf.7836cb212076905d6de4259a85661f0a.txt,crops/train/60/camera_20260824_132722_276510_jpg.rf.7836cb212076905d6de4259a85661f0a__box0.jpg,640,360,54,54
train,60,50,speed-limit-60,train/images/camera_20260824_132723_603566_jpg.rf.35dc80f175b4209d709b5247468f2cc0.jpg,train/labels/camera_20260824_132723_603566_jpg.rf.35dc80f175b4209d709b5247468f2cc0.txt,crops/train/60/camera_20260824_132723_603566_jpg.rf.35dc80f175b4209d709b5247468f2cc0__box0.jpg,640,360,29,29
train,80,51,speed-limit-80,train/images/camera_20260824_132734_710125_jpg.rf.56229f2163c9e2638ba7d4b7b28cd636.jpg,train/labels/camera_20260824_132734_710125_jpg.rf.56229f2163c9e2638ba7d4b7b28cd636.txt,crops/train/80/camera_20260824_132734_710125_jpg.rf.56229f2163c9e2638ba7d4b7b28cd636__box0.jpg,640,360,53,53
train,80,51,speed-limit-80,train/images/camera_20260824_132736_228274_jpg.rf.2e92caeca88d0e1480627905ccb05eba.jpg,train/labels/camera_20260824_132736_228274_jpg.rf.2e92caeca88d0e1480627905ccb05eba.txt,crops/train/80/camera_20260824_132736_228274_jpg.rf.2e92caeca88d0e1480627905ccb05eba__box0.jpg,640,360,31,31
train,60,50,speed-limit-60,train/images/camera_20260824_134616_518705_jpg.rf.e08c7cf37a399a2df926a4feccc628f2.jpg,train/labels/camera_20260824_134616_518705_jpg.rf.e08c7cf37a399a2df926a4feccc628f2.txt,crops/train/60/camera_20260824_134616_518705_jpg.rf.e08c7cf37a399a2df926a4feccc628f2__box0.jpg,640,360,48,48
train,60,50,speed-limit-60,train/images/camera_20260824_134618_403775_jpg.rf.b06a149dced0d55690bf5cdb5e59c18e.jpg,train/labels/camera_20260824_134618_403775_jpg.rf.b06a149dced0d55690bf5cdb5e59c18e.txt,crops/train/60/camera_20260824_134618_403775_jpg.rf.b06a149dced0d55690bf5cdb5e59c18e__box0.jpg,640,360,37,37
train,60,50,speed-limit-60,train/images/camera_20260824_134619_462122_jpg.rf.1ee4a5aadfdb559a4b24901e12b30041.jpg,train/labels/camera_20260824_134619_462122_jpg.rf.1ee4a5aadfdb559a4b24901e12b30041.txt,crops/train/60/camera_20260824_134619_462122_jpg.rf.1ee4a5aadfdb559a4b24901e12b30041__box0.jpg,640,360,40,40
train,60,50,speed-limit-60,train/images/camera_20260824_134621_429349_jpg.rf.2038e40a1fc2d3bde8928dc0de41c505.jpg,train/labels/camera_20260824_134621_429349_jpg.rf.2038e40a1fc2d3bde8928dc0de41c505.txt,crops/train/60/camera_20260824_134621_429349_jpg.rf.2038e40a1fc2d3bde8928dc0de41c505__box0.jpg,640,360,48,48
train,50,49,speed-limit-50,train/images/camera_20260830_162458_401522_jpg.rf.e57bb2ab21b25dcbf25c81f63ac6df8f.jpg,train/labels/camera_20260830_162458_401522_jpg.rf.e57bb2ab21b25dcbf25c81f63ac6df8f.txt,crops/train/50/camera_20260830_162458_401522_jpg.rf.e57bb2ab21b25dcbf25c81f63ac6df8f__box0.jpg,640,360,51,51
train,50,49,speed-limit-50,train/images/camera_20260830_162500_751827_jpg.rf.dc7dfc11e5134110ac503dc297a4d715.jpg,train/labels/camera_20260830_162500_751827_jpg.rf.dc7dfc11e5134110ac503dc297a4d715.txt,crops/train/50/camera_20260830_162500_751827_jpg.rf.dc7dfc11e5134110ac503dc297a4d715__box0.jpg,640,360,49,49
train,80,51,speed-limit-80,train/images/camera_20260830_162517_058824_jpg.rf.8b0a46de231348f67022d07ec50e82da.jpg,train/labels/camera_20260830_162517_058824_jpg.rf.8b0a46de231348f67022d07ec50e82da.txt,crops/train/80/camera_20260830_162517_058824_jpg.rf.8b0a46de231348f67022d07ec50e82da__box0.jpg,640,360,51,51
train,60,50,speed-limit-60,train/images/camera_20260830_162517_058824_jpg.rf.8b0a46de231348f67022d07ec50e82da.jpg,train/labels/camera_20260830_162517_058824_jpg.rf.8b0a46de231348f67022d07ec50e82da.txt,crops/train/60/camera_20260830_162517_058824_jpg.rf.8b0a46de231348f67022d07ec50e82da__box1.jpg,640,360,59,59
train,80,51,speed-limit-80,train/images/camera_20260830_162519_249968_jpg.rf.4ffe4218844438524a121990ce88df24.jpg,train/labels/camera_20260830_162519_249968_jpg.rf.4ffe4218844438524a121990ce88df24.txt,crops/train/80/camera_20260830_162519_249968_jpg.rf.4ffe4218844438524a121990ce88df24__box0.jpg,640,360,53,53
train,60,50,speed-limit-60,train/images/camera_20260830_162519_249968_jpg.rf.4ffe4218844438524a121990ce88df24.jpg,train/labels/camera_20260830_162519_249968_jpg.rf.4ffe4218844438524a121990ce88df24.txt,crops/train/60/camera_20260830_162519_249968_jpg.rf.4ffe4218844438524a121990ce88df24__box1.jpg,640,360,60,60
train,60,50,speed-limit-60,train/images/camera_20260830_162521_698260_jpg.rf.db8ed0691d57439e0e29b3da04c7682d.jpg,train/labels/camera_20260830_162521_698260_jpg.rf.db8ed0691d57439e0e29b3da04c7682d.txt,crops/train/60/camera_20260830_162521_698260_jpg.rf.db8ed0691d57439e0e29b3da04c7682d__box0.jpg,640,360,63,63
train,80,51,speed-limit-80,train/images/camera_20260830_162521_698260_jpg.rf.db8ed0691d57439e0e29b3da04c7682d.jpg,train/labels/camera_20260830_162521_698260_jpg.rf.db8ed0691d57439e0e29b3da04c7682d.txt,crops/train/80/camera_20260830_162521_698260_jpg.rf.db8ed0691d57439e0e29b3da04c7682d__box1.jpg,640,360,32,32
train,80,51,speed-limit-80,train/images/camera_20260830_162529_987781_jpg.rf.05bbc0a4ba37fa9b9a1a6221c3eafae8.jpg,train/labels/camera_20260830_162529_987781_jpg.rf.05bbc0a4ba37fa9b9a1a6221c3eafae8.txt,crops/train/80/camera_20260830_162529_987781_jpg.rf.05bbc0a4ba37fa9b9a1a6221c3eafae8__box0.jpg,640,360,34,34
train,80,51,speed-limit-80,train/images/camera_20260830_162531_841876_jpg.rf.1cd0d3621f8fd28dfdea2486450bcba4.jpg,train/labels/camera_20260830_162531_841876_jpg.rf.1cd0d3621f8fd28dfdea2486450bcba4.txt,crops/train/80/camera_20260830_162531_841876_jpg.rf.1cd0d3621f8fd28dfdea2486450bcba4__box0.jpg,640,360,27,27
train,80,51,speed-limit-80,train/images/camera_20260830_162537_747954_jpg.rf.c05c2abeede804840ab467703ffddcb0.jpg,train/labels/camera_20260830_162537_747954_jpg.rf.c05c2abeede804840ab467703ffddcb0.txt,crops/train/80/camera_20260830_162537_747954_jpg.rf.c05c2abeede804840ab467703ffddcb0__box0.jpg,640,360,29,29
train,80,51,speed-limit-80,train/images/camera_20260830_162539_700102_jpg.rf.4049353b9cad0246299a2ca73d194b6f.jpg,train/labels/camera_20260830_162539_700102_jpg.rf.4049353b9cad0246299a2ca73d194b6f.txt,crops/train/80/camera_20260830_162539_700102_jpg.rf.4049353b9cad0246299a2ca73d194b6f__box0.jpg,640,360,36,36
train,80,51,speed-limit-80,train/images/camera_20260830_162556_467095_jpg.rf.48b9afffa3ce1c7d24442ec19440c76c.jpg,train/labels/camera_20260830_162556_467095_jpg.rf.48b9afffa3ce1c7d24442ec19440c76c.txt,crops/train/80/camera_20260830_162556_467095_jpg.rf.48b9afffa3ce1c7d24442ec19440c76c__box0.jpg,640,360,108,108
train,80,51,speed-limit-80,train/images/camera_20260830_162557_699995_jpg.rf.c096c16763f7a8be8c9c6fa851410cb4.jpg,train/labels/camera_20260830_162557_699995_jpg.rf.c096c16763f7a8be8c9c6fa851410cb4.txt,crops/train/80/camera_20260830_162557_699995_jpg.rf.c096c16763f7a8be8c9c6fa851410cb4__box0.jpg,640,360,67,67
train,80,51,speed-limit-80,train/images/camera_20260830_162602_692357_jpg.rf.91bbd33ace764857245b6455df26f02d.jpg,train/labels/camera_20260830_162602_692357_jpg.rf.91bbd33ace764857245b6455df26f02d.txt,crops/train/80/camera_20260830_162602_692357_jpg.rf.91bbd33ace764857245b6455df26f02d__box0.jpg,640,360,76,76
train,80,51,speed-limit-80,train/images/camera_20260830_162604_020147_jpg.rf.1c55faad7081feb95a5c5ad853e17dfd.jpg,train/labels/camera_20260830_162604_020147_jpg.rf.1c55faad7081feb95a5c5ad853e17dfd.txt,crops/train/80/camera_20260830_162604_020147_jpg.rf.1c55faad7081feb95a5c5ad853e17dfd__box0.jpg,640,360,52,52
train,80,51,speed-limit-80,train/images/camera_20260830_162608_100391_jpg.rf.ee438757daa205ad74aa2566d4d6486c.jpg,train/labels/camera_20260830_162608_100391_jpg.rf.ee438757daa205ad74aa2566d4d6486c.txt,crops/train/80/camera_20260830_162608_100391_jpg.rf.ee438757daa205ad74aa2566d4d6486c__box0.jpg,640,360,30,30
train,80,51,speed-limit-80,train/images/camera_20260830_162614_818103_jpg.rf.49bb66bc4c1e3dee6dcb38f9c5107077.jpg,train/labels/camera_20260830_162614_818103_jpg.rf.49bb66bc4c1e3dee6dcb38f9c5107077.txt,crops/train/80/camera_20260830_162614_818103_jpg.rf.49bb66bc4c1e3dee6dcb38f9c5107077__box0.jpg,640,360,39,39
train,80,51,speed-limit-80,train/images/camera_20260830_162624_868937_jpg.rf.be40270dc7e13409117dd85cc414de28.jpg,train/labels/camera_20260830_162624_868937_jpg.rf.be40270dc7e13409117dd85cc414de28.txt,crops/train/80/camera_20260830_162624_868937_jpg.rf.be40270dc7e13409117dd85cc414de28__box0.jpg,640,360,30,30
train,80,51,speed-limit-80,train/images/camera_20260830_162624_868937_jpg.rf.be40270dc7e13409117dd85cc414de28.jpg,train/labels/camera_20260830_162624_868937_jpg.rf.be40270dc7e13409117dd85cc414de28.txt,crops/train/80/camera_20260830_162624_868937_jpg.rf.be40270dc7e13409117dd85cc414de28__box1.jpg,640,360,26,26
train,80,51,speed-limit-80,train/images/camera_20260830_162626_689231_jpg.rf.98d142c070afa29c11f4743812fc5654.jpg,train/labels/camera_20260830_162626_689231_jpg.rf.98d142c070afa29c11f4743812fc5654.txt,crops/train/80/camera_20260830_162626_689231_jpg.rf.98d142c070afa29c11f4743812fc5654__box0.jpg,640,360,32,32
train,80,51,speed-limit-80,train/images/camera_20260830_162626_689231_jpg.rf.98d142c070afa29c11f4743812fc5654.jpg,train/labels/camera_20260830_162626_689231_jpg.rf.98d142c070afa29c11f4743812fc5654.txt,crops/train/80/camera_20260830_162626_689231_jpg.rf.98d142c070afa29c11f4743812fc5654__box1.jpg,640,360,24,24
train,60,50,speed-limit-60,train/images/camera_20260830_162640_370588_jpg.rf.cc85b28c56f748ed3bf91a29adea1d4d.jpg,train/labels/camera_20260830_162640_370588_jpg.rf.cc85b28c56f748ed3bf91a29adea1d4d.txt,crops/train/60/camera_20260830_162640_370588_jpg.rf.cc85b28c56f748ed3bf91a29adea1d4d__box0.jpg,640,360,64,64
train,60,50,speed-limit-60,train/images/camera_20260830_162643_794764_jpg.rf.846fc9ed4290ad25168318df0ef83641.jpg,train/labels/camera_20260830_162643_794764_jpg.rf.846fc9ed4290ad25168318df0ef83641.txt,crops/train/60/camera_20260830_162643_794764_jpg.rf.846fc9ed4290ad25168318df0ef83641__box0.jpg,640,360,54,54
train,60,50,speed-limit-60,train/images/camera_20260830_162646_369826_jpg.rf.f1a1be8db2e93ee22acfaa80a41430ef.jpg,train/labels/camera_20260830_162646_369826_jpg.rf.f1a1be8db2e93ee22acfaa80a41430ef.txt,crops/train/60/camera_20260830_162646_369826_jpg.rf.f1a1be8db2e93ee22acfaa80a41430ef__box0.jpg,640,360,82,82
train,60,50,speed-limit-60,train/images/camera_20260830_162649_331004_jpg.rf.0eb12706e5e20f8f55139a609a9ae622.jpg,train/labels/camera_20260830_162649_331004_jpg.rf.0eb12706e5e20f8f55139a609a9ae622.txt,crops/train/60/camera_20260830_162649_331004_jpg.rf.0eb12706e5e20f8f55139a609a9ae622__box0.jpg,640,360,81,81
train,60,50,speed-limit-60,train/images/camera_20260830_162651_187327_jpg.rf.4fded8f0972d573e3c4c8386a953e3fb.jpg,train/labels/camera_20260830_162651_187327_jpg.rf.4fded8f0972d573e3c4c8386a953e3fb.txt,crops/train/60/camera_20260830_162651_187327_jpg.rf.4fded8f0972d573e3c4c8386a953e3fb__box0.jpg,640,360,29,29
train,60,50,speed-limit-60,train/images/camera_20260830_162652_467150_jpg.rf.5e96545269a985df19e6d23384675a82.jpg,train/labels/camera_20260830_162652_467150_jpg.rf.5e96545269a985df19e6d23384675a82.txt,crops/train/60/camera_20260830_162652_467150_jpg.rf.5e96545269a985df19e6d23384675a82__box0.jpg,640,360,35,35
train,30,46,speed-limit-30,train/images/camera_20260830_162700_194557_jpg.rf.6b1316745bb2dbfccaa14f1ac5c7d816.jpg,train/labels/camera_20260830_162700_194557_jpg.rf.6b1316745bb2dbfccaa14f1ac5c7d816.txt,crops/train/30/camera_20260830_162700_194557_jpg.rf.6b1316745bb2dbfccaa14f1ac5c7d816__box0.jpg,640,360,79,79
train,60,50,speed-limit-60,train/images/camera_20260830_162700_194557_jpg.rf.6b1316745bb2dbfccaa14f1ac5c7d816.jpg,train/labels/camera_20260830_162700_194557_jpg.rf.6b1316745bb2dbfccaa14f1ac5c7d816.txt,crops/train/60/camera_20260830_162700_194557_jpg.rf.6b1316745bb2dbfccaa14f1ac5c7d816__box1.jpg,640,360,34,34
train,30,46,speed-limit-30,train/images/camera_20260830_162703_108098_jpg.rf.370732d4607851ef90bfe4e8ea48ca5a.jpg,train/labels/camera_20260830_162703_108098_jpg.rf.370732d4607851ef90bfe4e8ea48ca5a.txt,crops/train/30/camera_20260830_162703_108098_jpg.rf.370732d4607851ef90bfe4e8ea48ca5a__box0.jpg,640,360,37,37
train,60,50,speed-limit-60,train/images/camera_20260830_162703_108098_jpg.rf.370732d4607851ef90bfe4e8ea48ca5a.jpg,train/labels/camera_20260830_162703_108098_jpg.rf.370732d4607851ef90bfe4e8ea48ca5a.txt,crops/train/60/camera_20260830_162703_108098_jpg.rf.370732d4607851ef90bfe4e8ea48ca5a__box1.jpg,640,360,45,45
train,30,46,speed-limit-30,train/images/camera_20260830_162708_418666_jpg.rf.172ef8b15ebc796a90310ea566767034.jpg,train/labels/camera_20260830_162708_418666_jpg.rf.172ef8b15ebc796a90310ea566767034.txt,crops/train/30/camera_20260830_162708_418666_jpg.rf.172ef8b15ebc796a90310ea566767034__box0.jpg,640,360,38,38
train,40,47,speed-limit-40,train/images/camera_20260830_162708_418666_jpg.rf.172ef8b15ebc796a90310ea566767034.jpg,train/labels/camera_20260830_162708_418666_jpg.rf.172ef8b15ebc796a90310ea566767034.txt,crops/train/40/camera_20260830_162708_418666_jpg.rf.172ef8b15ebc796a90310ea566767034__box1.jpg,640,360,51,51
train,30,46,speed-limit-30,train/images/camera_20260830_162710_963537_jpg.rf.a34e7125bb135575d953733bab7057b1.jpg,train/labels/camera_20260830_162710_963537_jpg.rf.a34e7125bb135575d953733bab7057b1.txt,crops/train/30/camera_20260830_162710_963537_jpg.rf.a34e7125bb135575d953733bab7057b1__box0.jpg,640,360,38,38
train,40,47,speed-limit-40,train/images/camera_20260830_162710_963537_jpg.rf.a34e7125bb135575d953733bab7057b1.jpg,train/labels/camera_20260830_162710_963537_jpg.rf.a34e7125bb135575d953733bab7057b1.txt,crops/train/40/camera_20260830_162710_963537_jpg.rf.a34e7125bb135575d953733bab7057b1__box1.jpg,640,360,31,31
train,30,46,speed-limit-30,train/images/camera_20260830_162719_715600_jpg.rf.fdaa3ca76aa457a005341daa2e8c316c.jpg,train/labels/camera_20260830_162719_715600_jpg.rf.fdaa3ca76aa457a005341daa2e8c316c.txt,crops/train/30/camera_20260830_162719_715600_jpg.rf.fdaa3ca76aa457a005341daa2e8c316c__box0.jpg,640,360,38,38
train,30,46,speed-limit-30,train/images/camera_20260830_162719_715600_jpg.rf.fdaa3ca76aa457a005341daa2e8c316c.jpg,train/labels/camera_20260830_162719_715600_jpg.rf.fdaa3ca76aa457a005341daa2e8c316c.txt,crops/train/30/camera_20260830_162719_715600_jpg.rf.fdaa3ca76aa457a005341daa2e8c316c__box1.jpg,640,360,26,26
train,30,46,speed-limit-30,train/images/camera_20260830_162722_307475_jpg.rf.65300ba3e16b711c7cc7821b4ffd7c50.jpg,train/labels/camera_20260830_162722_307475_jpg.rf.65300ba3e16b711c7cc7821b4ffd7c50.txt,crops/train/30/camera_20260830_162722_307475_jpg.rf.65300ba3e16b711c7cc7821b4ffd7c50__box0.jpg,640,360,40,40
train,30,46,speed-limit-30,train/images/camera_20260830_162722_307475_jpg.rf.65300ba3e16b711c7cc7821b4ffd7c50.jpg,train/labels/camera_20260830_162722_307475_jpg.rf.65300ba3e16b711c7cc7821b4ffd7c50.txt,crops/train/30/camera_20260830_162722_307475_jpg.rf.65300ba3e16b711c7cc7821b4ffd7c50__box1.jpg,640,360,21,21
train,30,46,speed-limit-30,train/images/camera_20260830_162724_420833_jpg.rf.3fe41da7e525f1b9f6a8c1e9c19a805a.jpg,train/labels/camera_20260830_162724_420833_jpg.rf.3fe41da7e525f1b9f6a8c1e9c19a805a.txt,crops/train/30/camera_20260830_162724_420833_jpg.rf.3fe41da7e525f1b9f6a8c1e9c19a805a__box0.jpg,640,360,28,28
train,30,46,speed-limit-30,train/images/camera_20260830_162724_420833_jpg.rf.3fe41da7e525f1b9f6a8c1e9c19a805a.jpg,train/labels/camera_20260830_162724_420833_jpg.rf.3fe41da7e525f1b9f6a8c1e9c19a805a.txt,crops/train/30/camera_20260830_162724_420833_jpg.rf.3fe41da7e525f1b9f6a8c1e9c19a805a__box1.jpg,640,360,38,38
train,30,46,speed-limit-30,train/images/camera_20260830_162731_540553_jpg.rf.c304e44c05c54befbcb8c59dfc4551bd.jpg,train/labels/camera_20260830_162731_540553_jpg.rf.c304e44c05c54befbcb8c59dfc4551bd.txt,crops/train/30/camera_20260830_162731_540553_jpg.rf.c304e44c05c54befbcb8c59dfc4551bd__box0.jpg,640,360,26,26
train,15,45,speed-limit-15,train/images/camera_20260830_162731_540553_jpg.rf.c304e44c05c54befbcb8c59dfc4551bd.jpg,train/labels/camera_20260830_162731_540553_jpg.rf.c304e44c05c54befbcb8c59dfc4551bd.txt,crops/train/15/camera_20260830_162731_540553_jpg.rf.c304e44c05c54befbcb8c59dfc4551bd__box1.jpg,640,360,42,42
train,15,45,speed-limit-15,train/images/camera_20260830_162738_866767_jpg.rf.e7749f1c60756b241703943ea9ff4c8a.jpg,train/labels/camera_20260830_162738_866767_jpg.rf.e7749f1c60756b241703943ea9ff4c8a.txt,crops/train/15/camera_20260830_162738_866767_jpg.rf.e7749f1c60756b241703943ea9ff4c8a__box0.jpg,640,360,41,41
train,5,48,speed-limit-5,train/images/camera_20260830_162738_866767_jpg.rf.e7749f1c60756b241703943ea9ff4c8a.jpg,train/labels/camera_20260830_162738_866767_jpg.rf.e7749f1c60756b241703943ea9ff4c8a.txt,crops/train/5/camera_20260830_162738_866767_jpg.rf.e7749f1c60756b241703943ea9ff4c8a__box1.jpg,640,360,28,28
train,5,48,speed-limit-5,train/images/camera_20260830_162741_524639_jpg.rf.31fe0d3d6c99778c7f0ff4821b85bcd0.jpg,train/labels/camera_20260830_162741_524639_jpg.rf.31fe0d3d6c99778c7f0ff4821b85bcd0.txt,crops/train/5/camera_20260830_162741_524639_jpg.rf.31fe0d3d6c99778c7f0ff4821b85bcd0__box0.jpg,640,360,21,21
train,15,45,speed-limit-15,train/images/camera_20260830_162741_524639_jpg.rf.31fe0d3d6c99778c7f0ff4821b85bcd0.jpg,train/labels/camera_20260830_162741_524639_jpg.rf.31fe0d3d6c99778c7f0ff4821b85bcd0.txt,crops/train/15/camera_20260830_162741_524639_jpg.rf.31fe0d3d6c99778c7f0ff4821b85bcd0__box1.jpg,640,360,42,42
train,5,48,speed-limit-5,train/images/camera_20260830_162743_106571_jpg.rf.54105689da137ffc0f9b4f64e7639fa6.jpg,train/labels/camera_20260830_162743_106571_jpg.rf.54105689da137ffc0f9b4f64e7639fa6.txt,crops/train/5/camera_20260830_162743_106571_jpg.rf.54105689da137ffc0f9b4f64e7639fa6__box0.jpg,640,360,27,27
train,15,45,speed-limit-15,train/images/camera_20260830_162743_106571_jpg.rf.54105689da137ffc0f9b4f64e7639fa6.jpg,train/labels/camera_20260830_162743_106571_jpg.rf.54105689da137ffc0f9b4f64e7639fa6.txt,crops/train/15/camera_20260830_162743_106571_jpg.rf.54105689da137ffc0f9b4f64e7639fa6__box1.jpg,640,360,42,42
train,15,45,speed-limit-15,train/images/camera_20260830_162744_405021_jpg.rf.971661837297194c3f52496b5dd292ca.jpg,train/labels/camera_20260830_162744_405021_jpg.rf.971661837297194c3f52496b5dd292ca.txt,crops/train/15/camera_20260830_162744_405021_jpg.rf.971661837297194c3f52496b5dd292ca__box0.jpg,640,360,41,41
train,5,48,speed-limit-5,train/images/camera_20260830_162744_405021_jpg.rf.971661837297194c3f52496b5dd292ca.jpg,train/labels/camera_20260830_162744_405021_jpg.rf.971661837297194c3f52496b5dd292ca.txt,crops/train/5/camera_20260830_162744_405021_jpg.rf.971661837297194c3f52496b5dd292ca__box1.jpg,640,360,31,31
train,5,48,speed-limit-5,train/images/camera_20260830_162750_501812_jpg.rf.99d5d00f14e22c9bef96b1d4b5d951f6.jpg,train/labels/camera_20260830_162750_501812_jpg.rf.99d5d00f14e22c9bef96b1d4b5d951f6.txt,crops/train/5/camera_20260830_162750_501812_jpg.rf.99d5d00f14e22c9bef96b1d4b5d951f6__box0.jpg,640,360,67,67
train,5,48,speed-limit-5,train/images/camera_20260830_162750_501812_jpg.rf.99d5d00f14e22c9bef96b1d4b5d951f6.jpg,train/labels/camera_20260830_162750_501812_jpg.rf.99d5d00f14e22c9bef96b1d4b5d951f6.txt,crops/train/5/camera_20260830_162750_501812_jpg.rf.99d5d00f14e22c9bef96b1d4b5d951f6__box1.jpg,640,360,40,40
train,5,48,speed-limit-5,train/images/camera_20260830_162752_421776_jpg.rf.89ea45f03273cbcd7cd1482ebc1340d9.jpg,train/labels/camera_20260830_162752_421776_jpg.rf.89ea45f03273cbcd7cd1482ebc1340d9.txt,crops/train/5/camera_20260830_162752_421776_jpg.rf.89ea45f03273cbcd7cd1482ebc1340d9__box0.jpg,640,360,29,29
train,5,48,speed-limit-5,train/images/camera_20260830_162752_421776_jpg.rf.89ea45f03273cbcd7cd1482ebc1340d9.jpg,train/labels/camera_20260830_162752_421776_jpg.rf.89ea45f03273cbcd7cd1482ebc1340d9.txt,crops/train/5/camera_20260830_162752_421776_jpg.rf.89ea45f03273cbcd7cd1482ebc1340d9__box1.jpg,640,360,65,65
train,5,48,speed-limit-5,train/images/camera_20260830_162756_709879_jpg.rf.55d1e3b2fac18557e28566a405cf0fda.jpg,train/labels/camera_20260830_162756_709879_jpg.rf.55d1e3b2fac18557e28566a405cf0fda.txt,crops/train/5/camera_20260830_162756_709879_jpg.rf.55d1e3b2fac18557e28566a405cf0fda__box0.jpg,640,360,21,21
train,5,48,speed-limit-5,train/images/camera_20260830_162756_709879_jpg.rf.55d1e3b2fac18557e28566a405cf0fda.jpg,train/labels/camera_20260830_162756_709879_jpg.rf.55d1e3b2fac18557e28566a405cf0fda.txt,crops/train/5/camera_20260830_162756_709879_jpg.rf.55d1e3b2fac18557e28566a405cf0fda__box1.jpg,640,360,29,29
train,15,45,speed-limit-15,train/images/camera_20260830_162811_507315_jpg.rf.0801b30799f912097e81dabed24a3399.jpg,train/labels/camera_20260830_162811_507315_jpg.rf.0801b30799f912097e81dabed24a3399.txt,crops/train/15/camera_20260830_162811_507315_jpg.rf.0801b30799f912097e81dabed24a3399__box0.jpg,640,360,21,21
train,15,45,speed-limit-15,train/images/camera_20260830_162814_965305_jpg.rf.884be676fabc514239e50b9fda894ae6.jpg,train/labels/camera_20260830_162814_965305_jpg.rf.884be676fabc514239e50b9fda894ae6.txt,crops/train/15/camera_20260830_162814_965305_jpg.rf.884be676fabc514239e50b9fda894ae6__box0.jpg,640,360,21,21
train,15,45,speed-limit-15,train/images/camera_20260830_162816_789886_jpg.rf.28f0445b8eeb08986cdaa91e3f1d2cd7.jpg,train/labels/camera_20260830_162816_789886_jpg.rf.28f0445b8eeb08986cdaa91e3f1d2cd7.txt,crops/train/15/camera_20260830_162816_789886_jpg.rf.28f0445b8eeb08986cdaa91e3f1d2cd7__box0.jpg,640,360,18,18
train,5,48,speed-limit-5,train/images/camera_20260830_162822_676577_jpg.rf.2ce663dd77cf46febf5e011b5b6c631a.jpg,train/labels/camera_20260830_162822_676577_jpg.rf.2ce663dd77cf46febf5e011b5b6c631a.txt,crops/train/5/camera_20260830_162822_676577_jpg.rf.2ce663dd77cf46febf5e011b5b6c631a__box0.jpg,640,360,54,54
train,5,48,speed-limit-5,train/images/camera_20260830_162826_533451_jpg.rf.6b923ebc8f5f8cee6ad3fceafc4de951.jpg,train/labels/camera_20260830_162826_533451_jpg.rf.6b923ebc8f5f8cee6ad3fceafc4de951.txt,crops/train/5/camera_20260830_162826_533451_jpg.rf.6b923ebc8f5f8cee6ad3fceafc4de951__box0.jpg,640,360,19,19
train,5,48,speed-limit-5,train/images/camera_20260830_162831_332306_jpg.rf.af20d29ce75f1d754dd125599d1fd614.jpg,train/labels/camera_20260830_162831_332306_jpg.rf.af20d29ce75f1d754dd125599d1fd614.txt,crops/train/5/camera_20260830_162831_332306_jpg.rf.af20d29ce75f1d754dd125599d1fd614__box0.jpg,640,360,20,20
train,5,48,speed-limit-5,train/images/camera_20260830_162843_031729_jpg.rf.28e9e46a42da76e00fbc6f484ad6a6a6.jpg,train/labels/camera_20260830_162843_031729_jpg.rf.28e9e46a42da76e00fbc6f484ad6a6a6.txt,crops/train/5/camera_20260830_162843_031729_jpg.rf.28e9e46a42da76e00fbc6f484ad6a6a6__box0.jpg,640,360,47,47
train,15,45,speed-limit-15,train/images/camera_20260830_162911_671738_jpg.rf.85e9d21720478dcb1aa2c0d11479d3a8.jpg,train/labels/camera_20260830_162911_671738_jpg.rf.85e9d21720478dcb1aa2c0d11479d3a8.txt,crops/train/15/camera_20260830_162911_671738_jpg.rf.85e9d21720478dcb1aa2c0d11479d3a8__box0.jpg,640,360,31,31
train,15,45,speed-limit-15,train/images/camera_20260830_162913_686996_jpg.rf.19f406a63afda027bc3c1bc2837d819b.jpg,train/labels/camera_20260830_162913_686996_jpg.rf.19f406a63afda027bc3c1bc2837d819b.txt,crops/train/15/camera_20260830_162913_686996_jpg.rf.19f406a63afda027bc3c1bc2837d819b__box0.jpg,640,360,33,33
train,15,45,speed-limit-15,train/images/camera_20260830_162919_222851_jpg.rf.8d95d03f454e6b2062b6886647b02728.jpg,train/labels/camera_20260830_162919_222851_jpg.rf.8d95d03f454e6b2062b6886647b02728.txt,crops/train/15/camera_20260830_162919_222851_jpg.rf.8d95d03f454e6b2062b6886647b02728__box0.jpg,640,360,32,32
train,15,45,speed-limit-15,train/images/camera_20260830_162920_807218_jpg.rf.3cc5c187662e139bcf5e744545cda2ff.jpg,train/labels/camera_20260830_162920_807218_jpg.rf.3cc5c187662e139bcf5e744545cda2ff.txt,crops/train/15/camera_20260830_162920_807218_jpg.rf.3cc5c187662e139bcf5e744545cda2ff__box0.jpg,640,360,29,29
train,15,45,speed-limit-15,train/images/camera_20260830_162922_247087_jpg.rf.2ad428e3707d0eca61694b91276b5895.jpg,train/labels/camera_20260830_162922_247087_jpg.rf.2ad428e3707d0eca61694b91276b5895.txt,crops/train/15/camera_20260830_162922_247087_jpg.rf.2ad428e3707d0eca61694b91276b5895__box0.jpg,640,360,31,31
train,60,50,speed-limit-60,train/images/camera_20260830_165356_159930_jpg.rf.96ba6cd1b46437247ba1d3ef48515ba1.jpg,train/labels/camera_20260830_165356_159930_jpg.rf.96ba6cd1b46437247ba1d3ef48515ba1.txt,crops/train/60/camera_20260830_165356_159930_jpg.rf.96ba6cd1b46437247ba1d3ef48515ba1__box0.jpg,640,360,93,93
train,60,50,speed-limit-60,train/images/camera_20260830_165359_003632_jpg.rf.66501f242994f91ebf88059b6c33ebb3.jpg,train/labels/camera_20260830_165359_003632_jpg.rf.66501f242994f91ebf88059b6c33ebb3.txt,crops/train/60/camera_20260830_165359_003632_jpg.rf.66501f242994f91ebf88059b6c33ebb3__box0.jpg,640,360,68,68
train,60,50,speed-limit-60,train/images/camera_20260830_165401_054100_jpg.rf.d5b2e2dda451de4b2a34ae7aa2add82f.jpg,train/labels/camera_20260830_165401_054100_jpg.rf.d5b2e2dda451de4b2a34ae7aa2add82f.txt,crops/train/60/camera_20260830_165401_054100_jpg.rf.d5b2e2dda451de4b2a34ae7aa2add82f__box0.jpg,640,360,146,146
train,60,50,speed-limit-60,train/images/camera_20260830_165414_112606_jpg.rf.4e0ffa1f638ef7acda8f5d7d8371ddfb.jpg,train/labels/camera_20260830_165414_112606_jpg.rf.4e0ffa1f638ef7acda8f5d7d8371ddfb.txt,crops/train/60/camera_20260830_165414_112606_jpg.rf.4e0ffa1f638ef7acda8f5d7d8371ddfb__box0.jpg,640,360,90,90
train,60,50,speed-limit-60,train/images/camera_20260830_165416_368324_jpg.rf.df2bb2e67e9f615c345e3ff8ba42e27b.jpg,train/labels/camera_20260830_165416_368324_jpg.rf.df2bb2e67e9f615c345e3ff8ba42e27b.txt,crops/train/60/camera_20260830_165416_368324_jpg.rf.df2bb2e67e9f615c345e3ff8ba42e27b__box0.jpg,640,360,40,40
train,80,51,speed-limit-80,train/images/camera_20260830_165803_616779_jpg.rf.6a397428f4d1f3ada100c6cb4b892401.jpg,train/labels/camera_20260830_165803_616779_jpg.rf.6a397428f4d1f3ada100c6cb4b892401.txt,crops/train/80/camera_20260830_165803_616779_jpg.rf.6a397428f4d1f3ada100c6cb4b892401__box0.jpg,640,360,52,52
train,80,51,speed-limit-80,train/images/camera_20260830_165806_097636_jpg.rf.af38b1f1e5f936cf8973331b698cccd5.jpg,train/labels/camera_20260830_165806_097636_jpg.rf.af38b1f1e5f936cf8973331b698cccd5.txt,crops/train/80/camera_20260830_165806_097636_jpg.rf.af38b1f1e5f936cf8973331b698cccd5__box0.jpg,640,360,87,87
train,80,51,speed-limit-80,train/images/camera_20260830_165813_025645_jpg.rf.14326e6cc3b22cd45269427172f76312.jpg,train/labels/camera_20260830_165813_025645_jpg.rf.14326e6cc3b22cd45269427172f76312.txt,crops/train/80/camera_20260830_165813_025645_jpg.rf.14326e6cc3b22cd45269427172f76312__box0.jpg,640,360,54,54
train,30,46,speed-limit-30,train/images/many-traffic-signs-in-one-spot-traffic-sign-clutter-germany-europe-C17R68_jpg.rf.a5b213094d93752042432f313f2d7c69.jpg,train/labels/many-traffic-signs-in-one-spot-traffic-sign-clutter-germany-europe-C17R68_jpg.rf.a5b213094d93752042432f313f2d7c69.txt,crops/train/30/many-traffic-signs-in-one-spot-traffic-sign-clutter-germany-europe-C17R68_jpg.rf.a5b213094d93752042432f313f2d7c69__box0.jpg,397,640,132,132
train,30,46,speed-limit-30,train/images/many-traffic-signs-in-one-spot-traffic-sign-clutter-germany-europe-C17R68_jpg.rf.a5b213094d93752042432f313f2d7c69.jpg,train/labels/many-traffic-signs-in-one-spot-traffic-sign-clutter-germany-europe-C17R68_jpg.rf.a5b213094d93752042432f313f2d7c69.txt,crops/train/30/many-traffic-signs-in-one-spot-traffic-sign-clutter-germany-europe-C17R68_jpg.rf.a5b213094d93752042432f313f2d7c69__box1.jpg,397,640,145,145
train,50,49,speed-limit-50,train/images/no-horn__17_jpg.rf.76c3b7843b436bf0e73a1c9791dd9777.jpg,train/labels/no-horn__17_jpg.rf.76c3b7843b436bf0e73a1c9791dd9777.txt,crops/train/50/no-horn__17_jpg.rf.76c3b7843b436bf0e73a1c9791dd9777__box0.jpg,640,480,39,39
train,15,45,speed-limit-15,train/images/speed-limit-15__001_0001_j_png.rf.8c58d3030fc199e55f57b86c4a7ca7fe.jpg,train/labels/speed-limit-15__001_0001_j_png.rf.8c58d3030fc199e55f57b86c4a7ca7fe.txt,crops/train/15/speed-limit-15__001_0001_j_png.rf.8c58d3030fc199e55f57b86c4a7ca7fe__box0.jpg,640,621,347,347
train,15,45,speed-limit-15,train/images/speed-limit-15__001_0001_png.rf.961f1c49569ff65cec613f0c2421a4be.jpg,train/labels/speed-limit-15__001_0001_png.rf.961f1c49569ff65cec613f0c2421a4be.txt,crops/train/15/speed-limit-15__001_0001_png.rf.961f1c49569ff65cec613f0c2421a4be__box0.jpg,640,575,404,404
train,15,45,speed-limit-15,train/images/speed-limit-15__001_0002_png.rf.8b703c7632b0d45168d713d96f74f75d.jpg,train/labels/speed-limit-15__001_0002_png.rf.8b703c7632b0d45168d713d96f74f75d.txt,crops/train/15/speed-limit-15__001_0002_png.rf.8b703c7632b0d45168d713d96f74f75d__box0.jpg,640,615,461,461
train,15,45,speed-limit-15,train/images/speed-limit-15__001_0003_png.rf.54d79fb16ea856666b6497f5c7b3854e.jpg,train/labels/speed-limit-15__001_0003_png.rf.54d79fb16ea856666b6497f5c7b3854e.txt,crops/train/15/speed-limit-15__001_0003_png.rf.54d79fb16ea856666b6497f5c7b3854e__box0.jpg,640,573,409,409
train,15,45,speed-limit-15,train/images/speed-limit-15__001_0005_png.rf.91908df8641219b8807d310f1dece64c.jpg,train/labels/speed-limit-15__001_0005_png.rf.91908df8641219b8807d310f1dece64c.txt,crops/train/15/speed-limit-15__001_0005_png.rf.91908df8641219b8807d310f1dece64c__box0.jpg,640,556,439,439
train,15,45,speed-limit-15,train/images/speed-limit-15__001_0006_png.rf.7f45450e4d78970e74d071f078df9fcc.jpg,train/labels/speed-limit-15__001_0006_png.rf.7f45450e4d78970e74d071f078df9fcc.txt,crops/train/15/speed-limit-15__001_0006_png.rf.7f45450e4d78970e74d071f078df9fcc__box0.jpg,639,565,483,483
train,15,45,speed-limit-15,train/images/speed-limit-15__001_0007_png.rf.dec6d39d450409dcded4e3978a98cd20.jpg,train/labels/speed-limit-15__001_0007_png.rf.dec6d39d450409dcded4e3978a98cd20.txt,crops/train/15/speed-limit-15__001_0007_png.rf.dec6d39d450409dcded4e3978a98cd20__box0.jpg,640,599,460,460
train,15,45,speed-limit-15,train/images/speed-limit-15__001_0008_png.rf.f1d159403adabdfb50dc6f1299b4f52a.jpg,train/labels/speed-limit-15__001_0008_png.rf.f1d159403adabdfb50dc6f1299b4f52a.txt,crops/train/15/speed-limit-15__001_0008_png.rf.f1d159403adabdfb50dc6f1299b4f52a__box0.jpg,634,640,552,552
train,15,45,speed-limit-15,train/images/speed-limit-15__001_0010_png.rf.11390747f5fa24f97b2076327b4f03ec.jpg,train/labels/speed-limit-15__001_0010_png.rf.11390747f5fa24f97b2076327b4f03ec.txt,crops/train/15/speed-limit-15__001_0010_png.rf.11390747f5fa24f97b2076327b4f03ec__box0.jpg,632,640,524,524
train,15,45,speed-limit-15,train/images/speed-limit-15__001_0011_png.rf.dabeb82bb7d7dc950d7c04208ad01d7b.jpg,train/labels/speed-limit-15__001_0011_png.rf.dabeb82bb7d7dc950d7c04208ad01d7b.txt,crops/train/15/speed-limit-15__001_0011_png.rf.dabeb82bb7d7dc950d7c04208ad01d7b__box0.jpg,640,554,507,507
train,15,45,speed-limit-15,train/images/speed-limit-15__001_0012_png.rf.7974f86a93251f7e52617e7ad8855d48.jpg,train/labels/speed-limit-15__001_0012_png.rf.7974f86a93251f7e52617e7ad8855d48.txt,crops/train/15/speed-limit-15__001_0012_png.rf.7974f86a93251f7e52617e7ad8855d48__box0.jpg,640,592,493,493
train,15,45,speed-limit-15,train/images/speed-limit-15__001_0013_png.rf.32a738c20ba47d98230282caffa4cecd.jpg,train/labels/speed-limit-15__001_0013_png.rf.32a738c20ba47d98230282caffa4cecd.txt,crops/train/15/speed-limit-15__001_0013_png.rf.32a738c20ba47d98230282caffa4cecd__box0.jpg,640,609,522,522
train,15,45,speed-limit-15,train/images/speed-limit-15__001_0014_png.rf.28214c7f197bb0859d742671ae8ebecd.jpg,train/labels/speed-limit-15__001_0014_png.rf.28214c7f197bb0859d742671ae8ebecd.txt,crops/train/15/speed-limit-15__001_0014_png.rf.28214c7f197bb0859d742671ae8ebecd__box0.jpg,640,588,496,496
train,15,45,speed-limit-15,train/images/speed-limit-15__001_0015_png.rf.bef080819799f61e8cf2cdb549ac338c.jpg,train/labels/speed-limit-15__001_0015_png.rf.bef080819799f61e8cf2cdb549ac338c.txt,crops/train/15/speed-limit-15__001_0015_png.rf.bef080819799f61e8cf2cdb549ac338c__box0.jpg,640,563,498,498
train,15,45,speed-limit-15,train/images/speed-limit-15__001_0016_png.rf.d3fdc2edef0de4e2c749e312caf6ec58.jpg,train/labels/speed-limit-15__001_0016_png.rf.d3fdc2edef0de4e2c749e312caf6ec58.txt,crops/train/15/speed-limit-15__001_0016_png.rf.d3fdc2edef0de4e2c749e312caf6ec58__box0.jpg,640,640,485,485
train,15,45,speed-limit-15,train/images/speed-limit-15__001_0017_png.rf.d60b734548d1fffba00134aae4a76c68.jpg,train/labels/speed-limit-15__001_0017_png.rf.d60b734548d1fffba00134aae4a76c68.txt,crops/train/15/speed-limit-15__001_0017_png.rf.d60b734548d1fffba00134aae4a76c68__box0.jpg,640,592,474,474
train,15,45,speed-limit-15,train/images/speed-limit-15__001_0018_png.rf.01536898dc1be3870b0897d4eb23b133.jpg,train/labels/speed-limit-15__001_0018_png.rf.01536898dc1be3870b0897d4eb23b133.txt,crops/train/15/speed-limit-15__001_0018_png.rf.01536898dc1be3870b0897d4eb23b133__box0.jpg,634,640,548,548
train,15,45,speed-limit-15,train/images/speed-limit-15__001_0019_png.rf.1e8e2a8c0596c810af9abc8fbf40bef1.jpg,train/labels/speed-limit-15__001_0019_png.rf.1e8e2a8c0596c810af9abc8fbf40bef1.txt,crops/train/15/speed-limit-15__001_0019_png.rf.1e8e2a8c0596c810af9abc8fbf40bef1__box0.jpg,640,546,509,509
train,40,47,speed-limit-40,train/images/speed-limit-40__003_0001_png.rf.1ea8765943c1a078b6cabde37f98ad97.jpg,train/labels/speed-limit-40__003_0001_png.rf.1ea8765943c1a078b6cabde37f98ad97.txt,crops/train/40/speed-limit-40__003_0001_png.rf.1ea8765943c1a078b6cabde37f98ad97__box0.jpg,640,572,424,424
train,40,47,speed-limit-40,train/images/speed-limit-40__003_0002_png.rf.a447cb239b27cec1042cf28341c3a545.jpg,train/labels/speed-limit-40__003_0002_png.rf.a447cb239b27cec1042cf28341c3a545.txt,crops/train/40/speed-limit-40__003_0002_png.rf.a447cb239b27cec1042cf28341c3a545__box0.jpg,640,600,472,472
train,40,47,speed-limit-40,train/images/speed-limit-40__003_0003_png.rf.4f7a0c4e6ce8b8b23cc8789cba3677ea.jpg,train/labels/speed-limit-40__003_0003_png.rf.4f7a0c4e6ce8b8b23cc8789cba3677ea.txt,crops/train/40/speed-limit-40__003_0003_png.rf.4f7a0c4e6ce8b8b23cc8789cba3677ea__box0.jpg,640,587,496,496
train,40,47,speed-limit-40,train/images/speed-limit-40__003_0004_png.rf.91676c86e3ef010e5289c7f55e2e3dad.jpg,train/labels/speed-limit-40__003_0004_png.rf.91676c86e3ef010e5289c7f55e2e3dad.txt,crops/train/40/speed-limit-40__003_0004_png.rf.91676c86e3ef010e5289c7f55e2e3dad__box0.jpg,640,551,474,474
train,40,47,speed-limit-40,train/images/speed-limit-40__003_0005_png.rf.b11c704badeefe11ce69d547229463b1.jpg,train/labels/speed-limit-40__003_0005_png.rf.b11c704badeefe11ce69d547229463b1.txt,crops/train/40/speed-limit-40__003_0005_png.rf.b11c704badeefe11ce69d547229463b1__box0.jpg,640,562,470,470
train,40,47,speed-limit-40,train/images/speed-limit-40__003_0006_png.rf.b6c1eee4bb601fc4482ad6f2b8fc04d5.jpg,train/labels/speed-limit-40__003_0006_png.rf.b6c1eee4bb601fc4482ad6f2b8fc04d5.txt,crops/train/40/speed-limit-40__003_0006_png.rf.b6c1eee4bb601fc4482ad6f2b8fc04d5__box0.jpg,640,602,459,459
train,40,47,speed-limit-40,train/images/speed-limit-40__003_0007_png.rf.e0f49bd8ac5a8dcb8b79ec60c9fc2b90.jpg,train/labels/speed-limit-40__003_0007_png.rf.e0f49bd8ac5a8dcb8b79ec60c9fc2b90.txt,crops/train/40/speed-limit-40__003_0007_png.rf.e0f49bd8ac5a8dcb8b79ec60c9fc2b90__box0.jpg,640,585,420,420
train,40,47,speed-limit-40,train/images/speed-limit-40__003_0008_png.rf.22282b53553f55e3169d71c66792c012.jpg,train/labels/speed-limit-40__003_0008_png.rf.22282b53553f55e3169d71c66792c012.txt,crops/train/40/speed-limit-40__003_0008_png.rf.22282b53553f55e3169d71c66792c012__box0.jpg,640,577,448,448
train,40,47,speed-limit-40,train/images/speed-limit-40__003_0009_png.rf.760466f32acd7293ec47996e88086be9.jpg,train/labels/speed-limit-40__003_0009_png.rf.760466f32acd7293ec47996e88086be9.txt,crops/train/40/speed-limit-40__003_0009_png.rf.760466f32acd7293ec47996e88086be9__box0.jpg,640,625,587,587
train,40,47,speed-limit-40,train/images/speed-limit-40__003_0010_png.rf.6da7eedd3f9c4f821ea12cc82a3dbae7.jpg,train/labels/speed-limit-40__003_0010_png.rf.6da7eedd3f9c4f821ea12cc82a3dbae7.txt,crops/train/40/speed-limit-40__003_0010_png.rf.6da7eedd3f9c4f821ea12cc82a3dbae7__box0.jpg,640,619,597,597
train,40,47,speed-limit-40,train/images/speed-limit-40__003_0011_png.rf.8580f055379c6fc963b28f2af6bb3d95.jpg,train/labels/speed-limit-40__003_0011_png.rf.8580f055379c6fc963b28f2af6bb3d95.txt,crops/train/40/speed-limit-40__003_0011_png.rf.8580f055379c6fc963b28f2af6bb3d95__box0.jpg,640,620,550,550
train,40,47,speed-limit-40,train/images/speed-limit-40__003_0012_png.rf.fbc49d38d42a50397c633b0deabd1264.jpg,train/labels/speed-limit-40__003_0012_png.rf.fbc49d38d42a50397c633b0deabd1264.txt,crops/train/40/speed-limit-40__003_0012_png.rf.fbc49d38d42a50397c633b0deabd1264__box0.jpg,640,604,497,497
train,40,47,speed-limit-40,train/images/speed-limit-40__003_0013_png.rf.905ef4d006cc4122aa65fa8ae1ee662b.jpg,train/labels/speed-limit-40__003_0013_png.rf.905ef4d006cc4122aa65fa8ae1ee662b.txt,crops/train/40/speed-limit-40__003_0013_png.rf.905ef4d006cc4122aa65fa8ae1ee662b__box0.jpg,640,640,503,503
train,40,47,speed-limit-40,train/images/speed-limit-40__003_0014_png.rf.f67a3114079341be0dd99cfcc8524fca.jpg,train/labels/speed-limit-40__003_0014_png.rf.f67a3114079341be0dd99cfcc8524fca.txt,crops/train/40/speed-limit-40__003_0014_png.rf.f67a3114079341be0dd99cfcc8524fca__box0.jpg,640,557,471,471
train,40,47,speed-limit-40,train/images/speed-limit-40__003_0015_png.rf.c504b01cbeae8f18b9885116abe03c97.jpg,train/labels/speed-limit-40__003_0015_png.rf.c504b01cbeae8f18b9885116abe03c97.txt,crops/train/40/speed-limit-40__003_0015_png.rf.c504b01cbeae8f18b9885116abe03c97__box0.jpg,640,560,511,511
train,40,47,speed-limit-40,train/images/speed-limit-40__003_0016_png.rf.dfc0d58e7e1c937d86816372968e831e.jpg,train/labels/speed-limit-40__003_0016_png.rf.dfc0d58e7e1c937d86816372968e831e.txt,crops/train/40/speed-limit-40__003_0016_png.rf.dfc0d58e7e1c937d86816372968e831e__box0.jpg,640,560,460,460
train,40,47,speed-limit-40,train/images/speed-limit-40__003_0017_png.rf.5fa51cc5b6dc72c712678c18538df6aa.jpg,train/labels/speed-limit-40__003_0017_png.rf.5fa51cc5b6dc72c712678c18538df6aa.txt,crops/train/40/speed-limit-40__003_0017_png.rf.5fa51cc5b6dc72c712678c18538df6aa__box0.jpg,640,565,531,531
train,40,47,speed-limit-40,train/images/speed-limit-40__003_0018_png.rf.a63550bf3265b213e3a29772225bd671.jpg,train/labels/speed-limit-40__003_0018_png.rf.a63550bf3265b213e3a29772225bd671.txt,crops/train/40/speed-limit-40__003_0018_png.rf.a63550bf3265b213e3a29772225bd671__box0.jpg,640,544,481,481
train,40,47,speed-limit-40,train/images/speed-limit-40__003_0019_png.rf.db3be8f517f2e986833f453af66373db.jpg,train/labels/speed-limit-40__003_0019_png.rf.db3be8f517f2e986833f453af66373db.txt,crops/train/40/speed-limit-40__003_0019_png.rf.db3be8f517f2e986833f453af66373db__box0.jpg,640,616,507,507
train,40,47,speed-limit-40,train/images/speed-limit-40__003_0020_png.rf.6c0231c1669a88c333db4d7c1315ed09.jpg,train/labels/speed-limit-40__003_0020_png.rf.6c0231c1669a88c333db4d7c1315ed09.txt,crops/train/40/speed-limit-40__003_0020_png.rf.6c0231c1669a88c333db4d7c1315ed09__box0.jpg,640,551,511,511
train,5,48,speed-limit-5,train/images/speed-limit-5__000_0001_png.rf.4f1a55426a553aa2c0da654c016d1f9d.jpg,train/labels/speed-limit-5__000_0001_png.rf.4f1a55426a553aa2c0da654c016d1f9d.txt,crops/train/5/speed-limit-5__000_0001_png.rf.4f1a55426a553aa2c0da654c016d1f9d__box0.jpg,640,611,609,609
train,5,48,speed-limit-5,train/images/speed-limit-5__000_0003_png.rf.3b363acdc0dc8ee3b43cbe0e5ed99bcc.jpg,train/labels/speed-limit-5__000_0003_png.rf.3b363acdc0dc8ee3b43cbe0e5ed99bcc.txt,crops/train/5/speed-limit-5__000_0003_png.rf.3b363acdc0dc8ee3b43cbe0e5ed99bcc__box0.jpg,640,610,564,564
train,5,48,speed-limit-5,train/images/speed-limit-5__000_0004_png.rf.831d110d9b05586bfff3edbb2cf88b17.jpg,train/labels/speed-limit-5__000_0004_png.rf.831d110d9b05586bfff3edbb2cf88b17.txt,crops/train/5/speed-limit-5__000_0004_png.rf.831d110d9b05586bfff3edbb2cf88b17__box0.jpg,640,528,527,527
train,5,48,speed-limit-5,train/images/speed-limit-5__000_0005_png.rf.a0e3a94b567942321996d671926213e8.jpg,train/labels/speed-limit-5__000_0005_png.rf.a0e3a94b567942321996d671926213e8.txt,crops/train/5/speed-limit-5__000_0005_png.rf.a0e3a94b567942321996d671926213e8__box0.jpg,640,544,537,537
train,5,48,speed-limit-5,train/images/speed-limit-5__000_0006_png.rf.2665ff2cbe8e11fa7c8ccc20911410c9.jpg,train/labels/speed-limit-5__000_0006_png.rf.2665ff2cbe8e11fa7c8ccc20911410c9.txt,crops/train/5/speed-limit-5__000_0006_png.rf.2665ff2cbe8e11fa7c8ccc20911410c9__box0.jpg,640,561,531,531
train,5,48,speed-limit-5,train/images/speed-limit-5__000_0007_png.rf.2abf9198cc3252735822e45257d4f48e.jpg,train/labels/speed-limit-5__000_0007_png.rf.2abf9198cc3252735822e45257d4f48e.txt,crops/train/5/speed-limit-5__000_0007_png.rf.2abf9198cc3252735822e45257d4f48e__box0.jpg,640,574,514,514
train,5,48,speed-limit-5,train/images/speed-limit-5__000_0008_png.rf.e93c14527d9bbef0b890d5d5d30d9e83.jpg,train/labels/speed-limit-5__000_0008_png.rf.e93c14527d9bbef0b890d5d5d30d9e83.txt,crops/train/5/speed-limit-5__000_0008_png.rf.e93c14527d9bbef0b890d5d5d30d9e83__box0.jpg,639,573,495,495
train,5,48,speed-limit-5,train/images/speed-limit-5__000_0009_png.rf.0f67d0e6eef62f01c732f81a17475dfd.jpg,train/labels/speed-limit-5__000_0009_png.rf.0f67d0e6eef62f01c732f81a17475dfd.txt,crops/train/5/speed-limit-5__000_0009_png.rf.0f67d0e6eef62f01c732f81a17475dfd__box0.jpg,640,529,474,474
train,5,48,speed-limit-5,train/images/speed-limit-5__000_0010_png.rf.18fd989a723fc7a3b732e675cefc0616.jpg,train/labels/speed-limit-5__000_0010_png.rf.18fd989a723fc7a3b732e675cefc0616.txt,crops/train/5/speed-limit-5__000_0010_png.rf.18fd989a723fc7a3b732e675cefc0616__box0.jpg,640,584,524,524
train,5,48,speed-limit-5,train/images/speed-limit-5__000_0011_png.rf.dcb455a931bd18ae4614e7c282db2a61.jpg,train/labels/speed-limit-5__000_0011_png.rf.dcb455a931bd18ae4614e7c282db2a61.txt,crops/train/5/speed-limit-5__000_0011_png.rf.dcb455a931bd18ae4614e7c282db2a61__box0.jpg,640,598,594,594
train,5,48,speed-limit-5,train/images/speed-limit-5__000_0012_png.rf.ac8d14b5e81083790550053d590cce95.jpg,train/labels/speed-limit-5__000_0012_png.rf.ac8d14b5e81083790550053d590cce95.txt,crops/train/5/speed-limit-5__000_0012_png.rf.ac8d14b5e81083790550053d590cce95__box0.jpg,640,564,575,575
train,5,48,speed-limit-5,train/images/speed-limit-5__000_0014_png.rf.b73f2c84df56d7672206d18829588564.jpg,train/labels/speed-limit-5__000_0014_png.rf.b73f2c84df56d7672206d18829588564.txt,crops/train/5/speed-limit-5__000_0014_png.rf.b73f2c84df56d7672206d18829588564__box0.jpg,640,516,498,498
train,5,48,speed-limit-5,train/images/speed-limit-5__000_0015_png.rf.b4ad39c10b87a2d3775a97c2d9f7a910.jpg,train/labels/speed-limit-5__000_0015_png.rf.b4ad39c10b87a2d3775a97c2d9f7a910.txt,crops/train/5/speed-limit-5__000_0015_png.rf.b4ad39c10b87a2d3775a97c2d9f7a910__box0.jpg,640,562,520,520
train,5,48,speed-limit-5,train/images/speed-limit-5__000_0016_png.rf.70e4447adf4fc52aba782097e5f17dc7.jpg,train/labels/speed-limit-5__000_0016_png.rf.70e4447adf4fc52aba782097e5f17dc7.txt,crops/train/5/speed-limit-5__000_0016_png.rf.70e4447adf4fc52aba782097e5f17dc7__box0.jpg,640,592,546,546
train,5,48,speed-limit-5,train/images/speed-limit-5__000_0017_png.rf.285d13dcd5c60c3c4994d63dd550c5f1.jpg,train/labels/speed-limit-5__000_0017_png.rf.285d13dcd5c60c3c4994d63dd550c5f1.txt,crops/train/5/speed-limit-5__000_0017_png.rf.285d13dcd5c60c3c4994d63dd550c5f1__box0.jpg,640,600,600,600
train,5,48,speed-limit-5,train/images/speed-limit-5__000_0019_png.rf.429f6bca108b9e24a9fd5daa147743bb.jpg,train/labels/speed-limit-5__000_0019_png.rf.429f6bca108b9e24a9fd5daa147743bb.txt,crops/train/5/speed-limit-5__000_0019_png.rf.429f6bca108b9e24a9fd5daa147743bb__box0.jpg,640,570,570,570
train,5,48,speed-limit-5,train/images/speed-limit-5__000_0020_png.rf.ee6a114f9d489b59a64854eb4360f62a.jpg,train/labels/speed-limit-5__000_0020_png.rf.ee6a114f9d489b59a64854eb4360f62a.txt,crops/train/5/speed-limit-5__000_0020_png.rf.ee6a114f9d489b59a64854eb4360f62a__box0.jpg,640,553,501,501
valid,30,46,speed-limit-30,valid/images/00001_00016_00010_png_jpg.rf.c4aec340a62d1195a27fc839ef3d8820.jpg,valid/labels/00001_00016_00010_png_jpg.rf.c4aec340a62d1195a27fc839ef3d8820.txt,crops/valid/30/00001_00016_00010_png_jpg.rf.c4aec340a62d1195a27fc839ef3d8820__box0.jpg,609,640,568,568
valid,30,46,speed-limit-30,valid/images/00001_00017_00005_png_jpg.rf.3a3d7dd33773db4d26da1437359b35d6.jpg,valid/labels/00001_00017_00005_png_jpg.rf.3a3d7dd33773db4d26da1437359b35d6.txt,crops/valid/30/00001_00017_00005_png_jpg.rf.3a3d7dd33773db4d26da1437359b35d6__box0.jpg,640,640,568,568
valid,30,46,speed-limit-30,valid/images/00001_00017_00017_png_jpg.rf.333cc36686b4396a7d0180eee938b7a5.jpg,valid/labels/00001_00017_00017_png_jpg.rf.333cc36686b4396a7d0180eee938b7a5.txt,crops/valid/30/00001_00017_00017_png_jpg.rf.333cc36686b4396a7d0180eee938b7a5__box0.jpg,614,640,608,608
valid,50,49,speed-limit-50,valid/images/00002_00003_00027_png_jpg.rf.710e04f6cd429e145c4ebdd179eaff7f.jpg,valid/labels/00002_00003_00027_png_jpg.rf.710e04f6cd429e145c4ebdd179eaff7f.txt,crops/valid/50/00002_00003_00027_png_jpg.rf.710e04f6cd429e145c4ebdd179eaff7f__box0.jpg,640,630,636,636
valid,50,49,speed-limit-50,valid/images/00002_00004_00009_png_jpg.rf.7982381e6312fe5d5dbad9bb7e3a6583.jpg,valid/labels/00002_00004_00009_png_jpg.rf.7982381e6312fe5d5dbad9bb7e3a6583.txt,crops/valid/50/00002_00004_00009_png_jpg.rf.7982381e6312fe5d5dbad9bb7e3a6583__box0.jpg,640,621,515,515
valid,60,50,speed-limit-60,valid/images/00003_00010_00028_png_jpg.rf.28efb8322cb388da2c75b0d3b5a3d745.jpg,valid/labels/00003_00010_00028_png_jpg.rf.28efb8322cb388da2c75b0d3b5a3d745.txt,crops/valid/60/00003_00010_00028_png_jpg.rf.28efb8322cb388da2c75b0d3b5a3d745__box0.jpg,610,640,640,640
valid,60,50,speed-limit-60,valid/images/00003_00030_00026_png_jpg.rf.3817eb2dc75e48098272ce90236adc42.jpg,valid/labels/00003_00030_00026_png_jpg.rf.3817eb2dc75e48098272ce90236adc42.txt,crops/valid/60/00003_00030_00026_png_jpg.rf.3817eb2dc75e48098272ce90236adc42__box0.jpg,632,640,621,621
valid,60,50,speed-limit-60,valid/images/00003_00031_00003_png_jpg.rf.e2db6929395b6a249c37c28b8d5b4e13.jpg,valid/labels/00003_00031_00003_png_jpg.rf.e2db6929395b6a249c37c28b8d5b4e13.txt,crops/valid/60/00003_00031_00003_png_jpg.rf.e2db6929395b6a249c37c28b8d5b4e13__box0.jpg,597,640,504,504
valid,80,51,speed-limit-80,valid/images/00005_00059_00008_png_jpg.rf.bc5e51af564949fdbd4cdac0df6fab13.jpg,valid/labels/00005_00059_00008_png_jpg.rf.bc5e51af564949fdbd4cdac0df6fab13.txt,crops/valid/80/00005_00059_00008_png_jpg.rf.bc5e51af564949fdbd4cdac0df6fab13__box0.jpg,640,640,572,572
valid,5,48,speed-limit-5,valid/images/000_0002_j_png.rf.331f896e4ecbb646bee15108492bf9df.jpg,valid/labels/000_0002_j_png.rf.331f896e4ecbb646bee15108492bf9df.txt,crops/valid/5/000_0002_j_png.rf.331f896e4ecbb646bee15108492bf9df__box0.jpg,611,640,440,440
valid,5,48,speed-limit-5,valid/images/000_0005_png.rf.925402df88a0fceac2f3ebfd4d7d5f48.jpg,valid/labels/000_0005_png.rf.925402df88a0fceac2f3ebfd4d7d5f48.txt,crops/valid/5/000_0005_png.rf.925402df88a0fceac2f3ebfd4d7d5f48__box0.jpg,640,544,536,536
valid,5,48,speed-limit-5,valid/images/000_0007_j_png.rf.cfe2e8bd68dd3cd4b1299820b7fd8808.jpg,valid/labels/000_0007_j_png.rf.cfe2e8bd68dd3cd4b1299820b7fd8808.txt,crops/valid/5/000_0007_j_png.rf.cfe2e8bd68dd3cd4b1299820b7fd8808__box0.jpg,640,640,469,469
valid,5,48,speed-limit-5,valid/images/000_0007_png.rf.f9a88bc37e632edd4f7d6d5bf8932592.jpg,valid/labels/000_0007_png.rf.f9a88bc37e632edd4f7d6d5bf8932592.txt,crops/valid/5/000_0007_png.rf.f9a88bc37e632edd4f7d6d5bf8932592__box0.jpg,640,574,521,521
valid,5,48,speed-limit-5,valid/images/000_0018_png.rf.6128a93e5e8e4a35bb6259e3a62a98bb.jpg,valid/labels/000_0018_png.rf.6128a93e5e8e4a35bb6259e3a62a98bb.txt,crops/valid/5/000_0018_png.rf.6128a93e5e8e4a35bb6259e3a62a98bb__box0.jpg,640,585,585,585
valid,5,48,speed-limit-5,valid/images/000_0021_png.rf.b122406c0c231f37c0352088adaf9c98.jpg,valid/labels/000_0021_png.rf.b122406c0c231f37c0352088adaf9c98.txt,crops/valid/5/000_0021_png.rf.b122406c0c231f37c0352088adaf9c98__box0.jpg,640,557,484,484
valid,5,48,speed-limit-5,valid/images/000_0024_png.rf.22b86d51077e1de4210f2fba96f6eb0e.jpg,valid/labels/000_0024_png.rf.22b86d51077e1de4210f2fba96f6eb0e.txt,crops/valid/5/000_0024_png.rf.22b86d51077e1de4210f2fba96f6eb0e__box0.jpg,640,613,522,522
valid,5,48,speed-limit-5,valid/images/000_0025_png.rf.b9a53b30b77e8734a6491c146d39f5c2.jpg,valid/labels/000_0025_png.rf.b9a53b30b77e8734a6491c146d39f5c2.txt,crops/valid/5/000_0025_png.rf.b9a53b30b77e8734a6491c146d39f5c2__box0.jpg,632,640,576,576
valid,5,48,speed-limit-5,valid/images/000_0027_png.rf.6c1c75c22abfc6a4a67e9d2e0166c5e1.jpg,valid/labels/000_0027_png.rf.6c1c75c22abfc6a4a67e9d2e0166c5e1.txt,crops/valid/5/000_0027_png.rf.6c1c75c22abfc6a4a67e9d2e0166c5e1__box0.jpg,640,518,441,441
valid,5,48,speed-limit-5,valid/images/000_0029_png.rf.0f1f47c22259ebd6b04e217571ab4b27.jpg,valid/labels/000_0029_png.rf.0f1f47c22259ebd6b04e217571ab4b27.txt,crops/valid/5/000_0029_png.rf.0f1f47c22259ebd6b04e217571ab4b27__box0.jpg,640,552,473,473
valid,5,48,speed-limit-5,valid/images/000_0033_png.rf.1710e42ea5fa703d4717f3892e47f5bc.jpg,valid/labels/000_0033_png.rf.1710e42ea5fa703d4717f3892e47f5bc.txt,crops/valid/5/000_0033_png.rf.1710e42ea5fa703d4717f3892e47f5bc__box0.jpg,640,640,504,504
valid,5,48,speed-limit-5,valid/images/000_0047_png.rf.d287eb69377974270a4efa68a3dc4c79.jpg,valid/labels/000_0047_png.rf.d287eb69377974270a4efa68a3dc4c79.txt,crops/valid/5/000_0047_png.rf.d287eb69377974270a4efa68a3dc4c79__box0.jpg,640,546,535,535
valid,5,48,speed-limit-5,valid/images/000_0058_png.rf.49c538e4e5a2883bc802537bf51ec2f3.jpg,valid/labels/000_0058_png.rf.49c538e4e5a2883bc802537bf51ec2f3.txt,crops/valid/5/000_0058_png.rf.49c538e4e5a2883bc802537bf51ec2f3__box0.jpg,640,587,403,403
valid,15,45,speed-limit-15,valid/images/001_0003_j_png.rf.c944d83feef5850fc0178390e66541ce.jpg,valid/labels/001_0003_j_png.rf.c944d83feef5850fc0178390e66541ce.txt,crops/valid/15/001_0003_j_png.rf.c944d83feef5850fc0178390e66541ce__box0.jpg,640,606,496,496
valid,15,45,speed-limit-15,valid/images/001_0004_png.rf.4a7ab6fd6606287348637110969645b3.jpg,valid/labels/001_0004_png.rf.4a7ab6fd6606287348637110969645b3.txt,crops/valid/15/001_0004_png.rf.4a7ab6fd6606287348637110969645b3__box0.jpg,640,533,455,455
valid,15,45,speed-limit-15,valid/images/001_0005_png.rf.ef13aaf7808cdb2cbaa97e5e2f172eff.jpg,valid/labels/001_0005_png.rf.ef13aaf7808cdb2cbaa97e5e2f172eff.txt,crops/valid/15/001_0005_png.rf.ef13aaf7808cdb2cbaa97e5e2f172eff__box0.jpg,640,556,427,427
valid,15,45,speed-limit-15,valid/images/001_0007_png.rf.516f31fe9d223bec59b8617c9acd8046.jpg,valid/labels/001_0007_png.rf.516f31fe9d223bec59b8617c9acd8046.txt,crops/valid/15/001_0007_png.rf.516f31fe9d223bec59b8617c9acd8046__box0.jpg,640,599,459,459
valid,15,45,speed-limit-15,valid/images/001_0011_png.rf.c6c533ef815cc419ae2a67fa4c0a6e78.jpg,valid/labels/001_0011_png.rf.c6c533ef815cc419ae2a67fa4c0a6e78.txt,crops/valid/15/001_0011_png.rf.c6c533ef815cc419ae2a67fa4c0a6e78__box0.jpg,640,554,501,501
valid,15,45,speed-limit-15,valid/images/001_0019_png.rf.469bf0e67e4fcd4e67ad666f9965d930.jpg,valid/labels/001_0019_png.rf.469bf0e67e4fcd4e67ad666f9965d930.txt,crops/valid/15/001_0019_png.rf.469bf0e67e4fcd4e67ad666f9965d930__box0.jpg,640,546,514,514
valid,30,46,speed-limit-30,valid/images/002_0022_png.rf.985abe8568c3507eedea9c6d864a2809.jpg,valid/labels/002_0022_png.rf.985abe8568c3507eedea9c6d864a2809.txt,crops/valid/30/002_0022_png.rf.985abe8568c3507eedea9c6d864a2809__box0.jpg,640,625,605,605
valid,40,47,speed-limit-40,valid/images/003_0002_j_png.rf.57479d96cf80e46503d6621566544967.jpg,valid/labels/003_0002_j_png.rf.57479d96cf80e46503d6621566544967.txt,crops/valid/40/003_0002_j_png.rf.57479d96cf80e46503d6621566544967__box0.jpg,639,594,592,592
valid,40,47,speed-limit-40,valid/images/003_0005_j_png.rf.12088360dbf4c03a47f350d67da074bb.jpg,valid/labels/003_0005_j_png.rf.12088360dbf4c03a47f350d67da074bb.txt,crops/valid/40/003_0005_j_png.rf.12088360dbf4c03a47f350d67da074bb__box0.jpg,640,585,395,395
valid,80,51,speed-limit-80,valid/images/007_0044_png.rf.5fdc192436a10ba837fbc2978d490d07.jpg,valid/labels/007_0044_png.rf.5fdc192436a10ba837fbc2978d490d07.txt,crops/valid/80/007_0044_png.rf.5fdc192436a10ba837fbc2978d490d07__box0.jpg,640,600,531,531
valid,80,51,speed-limit-80,valid/images/007_0045_png.rf.838ada46e0a1bb95355dcfa31b83cff0.jpg,valid/labels/007_0045_png.rf.838ada46e0a1bb95355dcfa31b83cff0.txt,crops/valid/80/007_0045_png.rf.838ada46e0a1bb95355dcfa31b83cff0__box0.jpg,640,586,639,639
valid,80,51,speed-limit-80,valid/images/007_0046_png.rf.434100422f972ac1ea2397b6e8e81c52.jpg,valid/labels/007_0046_png.rf.434100422f972ac1ea2397b6e8e81c52.txt,crops/valid/80/007_0046_png.rf.434100422f972ac1ea2397b6e8e81c52__box0.jpg,640,594,621,621
valid,80,51,speed-limit-80,valid/images/007_0047_png.rf.4953093a73aa37c560844ae0eccb863a.jpg,valid/labels/007_0047_png.rf.4953093a73aa37c560844ae0eccb863a.txt,crops/valid/80/007_0047_png.rf.4953093a73aa37c560844ae0eccb863a__box0.jpg,640,598,630,630
valid,80,51,speed-limit-80,valid/images/007_0054_png.rf.9f39acf61a58219bf5409ca222533812.jpg,valid/labels/007_0054_png.rf.9f39acf61a58219bf5409ca222533812.txt,crops/valid/80/007_0054_png.rf.9f39acf61a58219bf5409ca222533812__box0.jpg,640,585,576,576
valid,50,49,speed-limit-50,valid/images/0362_jpg.rf.53eff59a59cd816dee2891e5d741d171.jpg,valid/labels/0362_jpg.rf.53eff59a59cd816dee2891e5d741d171.txt,crops/valid/50/0362_jpg.rf.53eff59a59cd816dee2891e5d741d171__box0.jpg,640,640,640,640
valid,60,50,speed-limit-60,valid/images/66_1_jpg.rf.fa340e236204b46d44e0329f0d49bede.jpg,valid/labels/66_1_jpg.rf.fa340e236204b46d44e0329f0d49bede.txt,crops/valid/60/66_1_jpg.rf.fa340e236204b46d44e0329f0d49bede__box0.jpg,640,640,640,640
valid,40,47,speed-limit-40,valid/images/P1830949_2_jpg.rf.5564ee9090dc5c49c2ef5bb1b82368c4.jpg,valid/labels/P1830949_2_jpg.rf.5564ee9090dc5c49c2ef5bb1b82368c4.txt,crops/valid/40/P1830949_2_jpg.rf.5564ee9090dc5c49c2ef5bb1b82368c4__box0.jpg,640,640,640,640
valid,50,49,speed-limit-50,valid/images/P1840070_3_jpg.rf.b6554d643443b5ff89be277a3d5d6d2f.jpg,valid/labels/P1840070_3_jpg.rf.b6554d643443b5ff89be277a3d5d6d2f.txt,crops/valid/50/P1840070_3_jpg.rf.b6554d643443b5ff89be277a3d5d6d2f__box0.jpg,640,640,640,640
valid,50,49,speed-limit-50,valid/images/P1840071_1_jpg.rf.a387855aa5e6e46049b9d66d03410206.jpg,valid/labels/P1840071_1_jpg.rf.a387855aa5e6e46049b9d66d03410206.txt,crops/valid/50/P1840071_1_jpg.rf.a387855aa5e6e46049b9d66d03410206__box0.jpg,640,640,640,640
valid,50,49,speed-limit-50,valid/images/P1840148_3_jpg.rf.67b53d9053524c7587280b9554736b6b.jpg,valid/labels/P1840148_3_jpg.rf.67b53d9053524c7587280b9554736b6b.txt,crops/valid/50/P1840148_3_jpg.rf.67b53d9053524c7587280b9554736b6b__box0.jpg,640,640,640,640
valid,50,49,speed-limit-50,valid/images/P1840503_1_jpg.rf.491bcb4ebdb2dd3cecaab32745e8ffa2.jpg,valid/labels/P1840503_1_jpg.rf.491bcb4ebdb2dd3cecaab32745e8ffa2.txt,crops/valid/50/P1840503_1_jpg.rf.491bcb4ebdb2dd3cecaab32745e8ffa2__box0.jpg,640,640,640,640
valid,50,49,speed-limit-50,valid/images/P1840529_3_jpg.rf.990c6931f20de78ea5310434c57d3975.jpg,valid/labels/P1840529_3_jpg.rf.990c6931f20de78ea5310434c57d3975.txt,crops/valid/50/P1840529_3_jpg.rf.990c6931f20de78ea5310434c57d3975__box0.jpg,640,640,640,640
valid,40,47,speed-limit-40,valid/images/P1840604_1_jpg.rf.d357b6cd0774858a39c7f7bd16995c60.jpg,valid/labels/P1840604_1_jpg.rf.d357b6cd0774858a39c7f7bd16995c60.txt,crops/valid/40/P1840604_1_jpg.rf.d357b6cd0774858a39c7f7bd16995c60__box0.jpg,640,640,640,640
valid,30,46,speed-limit-30,valid/images/P1860048_3_jpg.rf.5893407ad37530effc8c4efd6c200d2a.jpg,valid/labels/P1860048_3_jpg.rf.5893407ad37530effc8c4efd6c200d2a.txt,crops/valid/30/P1860048_3_jpg.rf.5893407ad37530effc8c4efd6c200d2a__box0.jpg,640,640,640,640
valid,60,50,speed-limit-60,valid/images/P1860065_1_jpg.rf.a7cde7931b9ddac95af7057db4e918ab.jpg,valid/labels/P1860065_1_jpg.rf.a7cde7931b9ddac95af7057db4e918ab.txt,crops/valid/60/P1860065_1_jpg.rf.a7cde7931b9ddac95af7057db4e918ab__box0.jpg,640,640,640,640
valid,5,48,speed-limit-5,valid/images/camera_20260824_132333_749532_jpg.rf.5d5d0482abc9e49ac19140574e71bf8f.jpg,valid/labels/camera_20260824_132333_749532_jpg.rf.5d5d0482abc9e49ac19140574e71bf8f.txt,crops/valid/5/camera_20260824_132333_749532_jpg.rf.5d5d0482abc9e49ac19140574e71bf8f__box0.jpg,640,360,74,74
valid,30,46,speed-limit-30,valid/images/camera_20260824_132436_242648_jpg.rf.46c5897add699787df541f32b6040859.jpg,valid/labels/camera_20260824_132436_242648_jpg.rf.46c5897add699787df541f32b6040859.txt,crops/valid/30/camera_20260824_132436_242648_jpg.rf.46c5897add699787df541f32b6040859__box0.jpg,640,360,30,30
valid,40,47,speed-limit-40,valid/images/camera_20260824_132449_635646_jpg.rf.8d3328004794c1457284afa73ceed587.jpg,valid/labels/camera_20260824_132449_635646_jpg.rf.8d3328004794c1457284afa73ceed587.txt,crops/valid/40/camera_20260824_132449_635646_jpg.rf.8d3328004794c1457284afa73ceed587__box0.jpg,640,360,32,32
valid,40,47,speed-limit-40,valid/images/camera_20260824_132459_570667_jpg.rf.72e008fd98baa5f5e01c46c3f533494b.jpg,valid/labels/camera_20260824_132459_570667_jpg.rf.72e008fd98baa5f5e01c46c3f533494b.txt,crops/valid/40/camera_20260824_132459_570667_jpg.rf.72e008fd98baa5f5e01c46c3f533494b__box0.jpg,640,360,38,38
valid,40,47,speed-limit-40,valid/images/camera_20260824_132503_750008_jpg.rf.4491b1b23ddb7dd1ca55d9abd6e1d86f.jpg,valid/labels/camera_20260824_132503_750008_jpg.rf.4491b1b23ddb7dd1ca55d9abd6e1d86f.txt,crops/valid/40/camera_20260824_132503_750008_jpg.rf.4491b1b23ddb7dd1ca55d9abd6e1d86f__box0.jpg,640,360,62,62
valid,50,49,speed-limit-50,valid/images/camera_20260824_132526_579445_jpg.rf.71ddad7c6be2b74430ec50fc88217082.jpg,valid/labels/camera_20260824_132526_579445_jpg.rf.71ddad7c6be2b74430ec50fc88217082.txt,crops/valid/50/camera_20260824_132526_579445_jpg.rf.71ddad7c6be2b74430ec50fc88217082__box0.jpg,640,360,27,27
valid,50,49,speed-limit-50,valid/images/camera_20260824_132533_475901_jpg.rf.87f9e767666882cdd036a1896244d556.jpg,valid/labels/camera_20260824_132533_475901_jpg.rf.87f9e767666882cdd036a1896244d556.txt,crops/valid/50/camera_20260824_132533_475901_jpg.rf.87f9e767666882cdd036a1896244d556__box0.jpg,640,360,44,44
valid,60,50,speed-limit-60,valid/images/camera_20260824_132724_867385_jpg.rf.e7d7e6caf9fe819109bded942f2cea23.jpg,valid/labels/camera_20260824_132724_867385_jpg.rf.e7d7e6caf9fe819109bded942f2cea23.txt,crops/valid/60/camera_20260824_132724_867385_jpg.rf.e7d7e6caf9fe819109bded942f2cea23__box0.jpg,640,360,40,40
valid,60,50,speed-limit-60,valid/images/camera_20260824_134600_147492_jpg.rf.f6da175c8335d21a7992d595c487652a.jpg,valid/labels/camera_20260824_134600_147492_jpg.rf.f6da175c8335d21a7992d595c487652a.txt,crops/valid/60/camera_20260824_134600_147492_jpg.rf.f6da175c8335d21a7992d595c487652a__box0.jpg,640,360,48,48
